spiritCode,name_en,name_zh,brand_en,brand_zh,brandKey,hotelStatus,propertyType,gpCategory,city_en,city_zh,province_en,province_zh,address1_en,address1_zh,zipcode,latitude,longitude,phone,propertySiteURL_en,propertySiteURL_zh,bookableDate,openDate,checkinTime,checkoutTime,nonSmoking
the-leading-hotels-of-the-world-the-murray-hong-kong-a-niccolo-hotel,"The Murray Hong Kong, a Niccolo Hotel",香港美利酒店,Niccolo,尼依格罗,niccolo,FULLY_BOOKABLE,Hotel,Luxury,Hong Kong,香港,Hong Kong,香港,"22 Cotton Tree Drive, Central, Hong Kong",香港中环红棉路22号,,22.2784,114.1604,,https://www.lhw.com/hotel/The-Murray-Hong-Kong-A-Niccolo-Hotel-Hong-Kong-China,https://www.lhw.cn/domestic,,,,,
the-leading-hotels-of-the-world-the-puxuan-hotel-and-spa,The PuXuan Hotel and Spa,北京璞瑄酒店,The PuXuan,璞瑄,the-puxuan,FULLY_BOOKABLE,Hotel,Luxury,Beijing,北京,Beijing,北京,"No.1 WangFuJing Street, Dongcheng District Beijing, China 100006",北京市东城区王府井大街1号,,39.9234,116.4103,,https://www.lhw.com/hotel/PuXuan-Hotel-Spa-Beijing-China,https://www.lhw.cn/domestic,,,,,
the-leading-hotels-of-the-world-guanyin-yiyuntai-hotel-chengdu,Guanyin Yiyuntai Hotel Chengdu,成都观隐颐云台酒店,Guanyin Yiyuntai,观隐颐云台,guanyin-yiyuntai,FULLY_BOOKABLE,Hotel,Luxury,Chengdu,成都,Sichuan,四川,"38 - 39 Kuan Alley, Qingyang District, Chengdu 610015, P. R. China",四川省成都市青羊区宽窄巷子宽巷子38-39号,,30.6684,104.056,,https://www.lhw.com/hotel/Guanyin-Yiyuntai-Hotel-Chengdu-China,https://chengdu.diaoyutai-hotels.cn/,,,,,
the-leading-hotels-of-the-world-pushine-jinfoshan-resort-hotel,Pushine Jinfoshan Resort Hotel,樸鄉金佛山度假酒店,Pushine,樸鄉,pushine,FULLY_BOOKABLE,Hotel,Luxury,Chongqing,重庆,Chongqing,重庆,"North Slope of Jinfo Mountain, Jinfoshan National Scenic Area, Nanchuan District, Chongqing, China 408400",重庆市南川区金佛山北坡景区,,29.044,107.185,,https://www.lhw.com/hotel/Pushine-Jinfoshan-Resort-Hotel-Chongqing-China,https://www.lhw.cn/domestic,,,,,
the-leading-hotels-of-the-world-pearl-gallery-hotel-guiyang,Pearl Gallery Hotel Guiyang,贵阳珍珀酒店,Pearl Gallery,珍珀,pearl-gallery,FULLY_BOOKABLE,Hotel,Luxury,Guiyang,贵阳,Guizhou,贵州,"Building 4, Ayunduocang, No. 6 Changling North Road, Guanshanhu District, Guiyang, Guizhou, China 550081",贵州省贵阳市观山湖区长岭北路6号阿云朵仓4号栋,,26.6503,106.6366,,https://www.lhw.com/hotel/Pearl-Gallery-Hotel-Guiyang-Guiyang-China,https://www.lhw.cn/hotel/China-Pearl-Gallery-Hotel-Guiyang/50179,,,,,
the-leading-hotels-of-the-world-hylla-vintage-hotel,Hylla Vintage Hotel,物与岚 . 设计收藏酒店,Hylla Vintage Hotel,物与岚,hylla-vintage-hotel,FULLY_BOOKABLE,Hotel,Luxury,Lijiang,丽江,Yunnan,云南,"99 Yanjiao Village, Baisha Town, Lijiang City, Yunnan province",云南省丽江市玉龙纳西族自治县白沙镇岩脚村99号,,26.9662,100.2096,,https://www.lhw.com/hotel/Hylla-Vintage-Hotel-Lijiang-China,https://www.lhw.cn/hotel/China-Hylla-Vintage-Hotel/LW2877,,,,,
the-leading-hotels-of-the-world-capella-shanghai-jian-ye-li,"Capella Shanghai, Jian Ye Li",上海建业里嘉佩乐酒店,Capella,嘉佩乐,capella,FULLY_BOOKABLE,Hotel,Luxury,Shanghai,上海,Shanghai,上海,"480 West Jianguo Road, Xuhui District, Shanghai, China 200031",上海市徐汇区建国西路480号,,31.2059,121.4517,,https://www.lhw.com/hotel/Capella-Shanghai-Jian-Ye-Li-Shanghai-China,https://www.lhw.cn/hotel/Capella-Shanghai-Jian-Ye-Li/6583,,,,,
the-leading-hotels-of-the-world-j-hotel-shanghai-tower,"J Hotel, Shanghai Tower",上海中心J酒店,J Hotel,J酒店,j-hotel,FULLY_BOOKABLE,Hotel,Luxury,Shanghai,上海,Shanghai,上海,"No. 126 Dong Tai Road, Pudong New Area, Shanghai, 200120, China",上海市浦东新区东泰路126号上海中心大厦,,31.2357,121.5016,,https://www.lhw.com/hotel/J-Hotel-Shanghai-Tower-Shanghai-China,https://www.jhotelshanghai.com/pc,,,,,
the-leading-hotels-of-the-world-the-anandi-hotel-and-spa,The Anandi Hotel and Spa,上海阿纳迪酒店,The Anandi,阿纳迪,the-anandi,FULLY_BOOKABLE,Hotel,Luxury,Shanghai,上海,Shanghai,上海,"7 Linhong Road, Changning District, Shanghai, 200335, China",上海市长宁区临虹路7号,,31.2219,121.367,,https://www.lhw.com/hotel/Anandi-Hotel-Spa-Hongquiao-Shanghai-China,https://www.lhw.cn/hotel/The-Anandi-Hotel-and-Spa/7050,,,,,
the-leading-hotels-of-the-world-the-puli-shanghai,The PuLi Shanghai,上海璞丽酒店,The PuLi,璞丽,the-puli,FULLY_BOOKABLE,Hotel,Luxury,Shanghai,上海,Shanghai,上海,"1 Changde Road, JingAn District, Shanghai 200040 China",上海市静安区常德路1号,,31.2267,121.4491,,https://www.lhw.com/hotel/The-PuLi-Hotel-Spa-Shanghai-China,https://www.lhw.cn/domestic,,,,,
the-leading-hotels-of-the-world-lohkah-hotel-and-spa,Lohkah Hotel & Spa,七尚酒店,Lohkah,七尚,lohkah,FULLY_BOOKABLE,Hotel,Luxury,Xiamen,厦门,Fujian,福建,"No. 277 Penang Road, Huli District, Xiamen, China",福建省厦门市湖里区槟城道277号,,24.5303,118.1845,,https://www.lhw.com/hotel/Lohkah-Hotel-Spa-Xiamen-China,https://www.lhw.cn/domestic,,,,,
SLH-78405,"Lanson Place Causeway Bay, Hong Kong",,Small Luxury Hotels of the World,全球奢华精品酒店,small-luxury-hotels-of-the-world,FULLY_BOOKABLE,Hotel,Luxury,Hong Kong,香港,Hong Kong,香港,"133 Leighton Road, Causeway Bay, Hong Kong, 00852, Hong Kong SAR",,00852,22.278866,114.1869517,,https://slh.com/hotels/lanson-place-causeway-bay-hong-kong,,,,15:00,12:00,
SLH-78828,Elite Spring Villas,,Small Luxury Hotels of the World,全球奢华精品酒店,small-luxury-hotels-of-the-world,FULLY_BOOKABLE,Hotel,Luxury,Anxi,安溪,Fujian,福建,"No 9 Meiren Road., Guanqiao Town, Anxi, 362441, Fujian, China",,362441,25.021566,118.085711,,https://slh.com/hotels/elite-spring-villas,,,,15:00,12:00,
SLH-78722,Hotel Éclat Beijing,,Small Luxury Hotels of the World,全球奢华精品酒店,small-luxury-hotels-of-the-world,FULLY_BOOKABLE,Hotel,Luxury,Beijing,北京,Beijing,北京,"No 9 Dongdaqiao Road, Parkview Green FangCaoDi, Beijing, 100020, Beijing, China",,100020,39.917939,116.4433988,,https://slh.com/hotels/hotel-eclat-beijing,,,,15:00,12:00,
SLH-42117,Yanbai Villa,,Small Luxury Hotels of the World,全球奢华精品酒店,small-luxury-hotels-of-the-world,FULLY_BOOKABLE,Hotel,Luxury,Beijing,北京,Beijing,北京,"6 Yanqihu North Road, Huairou District, Beijing, 101400, Beijing, China",,101400,40.40642,116.66403,,https://slh.com/hotels/yanbai-villa,,,,15:00,12:00,
SLH-96738,Zi Yun Xuan Qing Resort Spa,,Small Luxury Hotels of the World,全球奢华精品酒店,small-luxury-hotels-of-the-world,FULLY_BOOKABLE,Hotel,Luxury,Changzhou,常州,Jiangsu,江苏,"999 Zhimao Road, Jintan District, Changzhou, 213200, Jiangsu, China",,213200,31.79239,119.34371,,https://slh.com/hotels/zi-yun-xuan-qing-resort-and-spa,,,,14:00,12:00,
SLH-10782,YiuTeung Mansion,,Small Luxury Hotels of the World,全球奢华精品酒店,small-luxury-hotels-of-the-world,FULLY_BOOKABLE,Hotel,Luxury,Chengdu,成都,Sichuan,四川,"288 Shengxing Street, High tect Zone, Chengdu, 61000, Sichuan, China",,61000,30.5664159,104.0464274,,https://slh.com/hotels/yiu-teung-mansion,,,,14:00,12:00,
SLH-46482,INTO Hotel Chibi,,Small Luxury Hotels of the World,全球奢华精品酒店,small-luxury-hotels-of-the-world,FULLY_BOOKABLE,Hotel,Luxury,Chibi City,赤壁,Hubei,湖北,"Jigongshan Village, Chebu Town, Chibi City, 437300, Hubei, China",,437300,29.7244,113.6995,,https://slh.com/hotels/into-hotel-chibi,,,,15:00,12:00,
SLH-3136,Honor Resort Yun Shu Dali,,Small Luxury Hotels of the World,全球奢华精品酒店,small-luxury-hotels-of-the-world,FULLY_BOOKABLE,Hotel,Luxury,Dali,大理,Yunnan,云南,"Canghai International, Golf Community, Dali, 171000, Yunnan, China",,171000,25.717101,100.136101,,https://slh.com/hotels/honor-resort-yun-shu-dali,,,,14:00,12:00,
SLH-35649,Jangala Dunhuang,,Small Luxury Hotels of the World,全球奢华精品酒店,small-luxury-hotels-of-the-world,FULLY_BOOKABLE,Hotel,Luxury,Dunhuang,敦煌,Gansu,甘肃,"12999 Jingguan Avenue, Qili Town, Dunhuang, 736200, Gansu, China",,736200,40.059687,94.563437,,https://slh.com/hotels/jangala-dunhuang,,,,14:00,12:00,
SLH-78346,LN Hotel Five,,Small Luxury Hotels of the World,全球奢华精品酒店,small-luxury-hotels-of-the-world,FULLY_BOOKABLE,Hotel,Luxury,Guangzhou,广州,Guangdong,广东,"No 277 Yanjiang Road, Yuexiu District, Guangzhou, 510110, Guangdong, China",,510110,23.118289,113.268946,,https://slh.com/hotels/ln-hotel-five,,,,14:00,12:00,
SLH-9717,Hangzhou Muh Shoou Xixi Hotel,,Small Luxury Hotels of the World,全球奢华精品酒店,small-luxury-hotels-of-the-world,FULLY_BOOKABLE,Hotel,Luxury,Hangzhou,杭州,Zhejiang,浙江,"Zhangshu Wharf, Longshezui Entrance, Hangzhou, 310110, Zhejiang, China",,310110,30.257448,120.048246,,https://slh.com/hotels/hangzhou-muh-shoou-xixi-hotel,,,,15:00,12:00,
SLH-33092,Qiushui Villa,,Small Luxury Hotels of the World,全球奢华精品酒店,small-luxury-hotels-of-the-world,FULLY_BOOKABLE,Hotel,Luxury,Hangzhou,杭州,Zhejiang,浙江,"60 Beishan Street, Hangzhou, 310007, Zhejiang, China",,310007,30.25772,120.13817,,https://slh.com/hotels/qiushui-villa,,,,14:00,12:00,
SLH-35891,Vallie Hotel,,Small Luxury Hotels of the World,全球奢华精品酒店,small-luxury-hotels-of-the-world,FULLY_BOOKABLE,Hotel,Luxury,Hangzhou,杭州,Zhejiang,浙江,"85 3 Zhijiang Road, Xihu District, Hangzhou, 310000, Zhejiang, China",,310000,30.199154,120.127087,,https://slh.com/hotels/vallie-hotel,,,,15:00,12:00,
SLH-34720,Lakeview Hotel Yulongwan Kunming,,Small Luxury Hotels of the World,全球奢华精品酒店,small-luxury-hotels-of-the-world,FULLY_BOOKABLE,Hotel,Luxury,Kunming,昆明,Yunnan,云南,"Yulongwan Resort, Taiping New City, Kunming, 650301, Yunnan, China",,650301,24.908021,102.552687,,https://slh.com/hotels/lakeview-hotel-yulongwan,,,,14:00,12:00,
SLH-8997,New Jingli Hotel,,Small Luxury Hotels of the World,全球奢华精品酒店,small-luxury-hotels-of-the-world,FULLY_BOOKABLE,Hotel,Luxury,Nanjing,南京,Jiangsu,江苏,"2 Zijinghua Road, Yuhuatai District, Nanjing, 210012, Jiangsu, China",,210012,31.993662,118.788171,,https://slh.com/hotels/the-new-jingli-hotel,,,,15:00,12:00,
SLH-40850,The Dawn Luxury Hotel,,Small Luxury Hotels of the World,全球奢华精品酒店,small-luxury-hotels-of-the-world,FULLY_BOOKABLE,Hotel,Luxury,Nanzhao,南诏,Yunnan,云南,"56 North Street, Nanzhao Town, 672400, Yunnan, China",,672400,25.23097,100.30736,,https://slh.com/hotels/the-dawn-luxury-hotel,,,,14:00,12:00,
SLH-44058,Kaipuu Belfry,,Small Luxury Hotels of the World,全球奢华精品酒店,small-luxury-hotels-of-the-world,FULLY_BOOKABLE,Hotel,Luxury,Quanzhou,泉州,Fujian,福建,"Belfry Department Store, No2 East Street, Quanzhou, 362000, Fujian, China",,362000,24.91554,118.58685,,https://slh.com/hotels/kaipuu-belfry,,,,15:00,12:00,
SLH-44194,Kaipuu on the Reef,,Small Luxury Hotels of the World,全球奢华精品酒店,small-luxury-hotels-of-the-world,FULLY_BOOKABLE,Hotel,Luxury,Quanzhou,泉州,Fujian,福建,"No.277 South Ring District, Quanzhou, 362000, Fujian, China",,362000,24.52391,118.57745,,https://slh.com/hotels/kaipuu-on-the-reef,,,,15:00,12:00,
SLH-98865,Shanghai Muh Shoou Zhujing Hotel,,Small Luxury Hotels of the World,全球奢华精品酒店,small-luxury-hotels-of-the-world,FULLY_BOOKABLE,Hotel,Luxury,Shanghai,上海,Shanghai,上海,"No 95 Huadie Road, Jinshan District, Shanghai, 201599, Shanghai, China",,201599,30.891422,121.110321,,https://slh.com/hotels/shanghai-muh-shoou-zhujing-hotel,,,,15:00,12:00,
SLH-79724,The Sukhothai Shanghai,,Small Luxury Hotels of the World,全球奢华精品酒店,small-luxury-hotels-of-the-world,FULLY_BOOKABLE,Hotel,Luxury,Shanghai,上海,Shanghai,上海,"380 Weihai Road, Jing an District, Shanghai, 200041, Shanghai, China",,200041,31.2295411,121.4599142,,https://slh.com/hotels/the-sukhothai-shanghai,,,,15:00,12:00,
SLH-41707,POKKEI Hotel Shaoxing,,Small Luxury Hotels of the World,全球奢华精品酒店,small-luxury-hotels-of-the-world,FULLY_BOOKABLE,Hotel,Luxury,Shaoxing,绍兴,Zhejiang,浙江,"No.1 Haishan Road, Keyan Community, Shaoxing City, 312032, Zhejiang, China",,312032,30.03562,120.49657,,https://slh.com/hotels/pokkei-hotel-shaoxing,,,,14:00,12:00,
SLH-47180,The Hanyu Garden Reserve Suzhou,,Small Luxury Hotels of the World,全球奢华精品酒店,small-luxury-hotels-of-the-world,FULLY_BOOKABLE,Hotel,Luxury,Suzhou,苏州,Jiangsu,江苏,"69 Huan Taihu Lake Avenue, Wuzhong District, Suzhou, 215166, Jiangsu, China",,215166,31.2128617,120.4045238,,https://slh.com/hotels/the-hanyu-garden-reserve-suzhou,,,,14:00,12:00,
SLH-47640,The Moon Mansion,,Small Luxury Hotels of the World,全球奢华精品酒店,small-luxury-hotels-of-the-world,FULLY_BOOKABLE,Hotel,Luxury,Tengchong,腾冲,Yunnan,云南,"Bldg 17 19 Jiangshan Yard, Tengyue Street, Tengchong, 679100, Yunnan, China",,679100,25.029308,98.527931,,https://slh.com/hotels/the-moon-mansion,,,,15:00,12:00,
SLH-48281,HUANG YAN 36 Hotel,,Small Luxury Hotels of the World,全球奢华精品酒店,small-luxury-hotels-of-the-world,FULLY_BOOKABLE,Hotel,Luxury,Xiamen,厦门,Fujian,福建,"No 36 Huangyan Road, Gulangyu, Xiamen, 361001, Fujian, China",,361001,24.444932,118.064599,,https://slh.com/hotels/huang-yan-36-hotel,,,,14:00,12:00,
SLH-96196,Younch Hotel Xi'an,,Small Luxury Hotels of the World,全球奢华精品酒店,small-luxury-hotels-of-the-world,FULLY_BOOKABLE,Hotel,Luxury,Xian,西安,Shaanxi,陕西,"123 Shang Ai Road, Xin Cheng District, Xian, 710005, Shaanxi, China",,710005,34.277245,108.96484,,https://slh.com/hotels/younch-hotel-xian,,,,14:00,12:00,
SLH-96876,Longting Vineyard Hotel,,Small Luxury Hotels of the World,全球奢华精品酒店,small-luxury-hotels-of-the-world,FULLY_BOOKABLE,Hotel,Luxury,YanTai,烟台,Shandong,山东,"1 Longting Road, YanTai, Penglai, 265600, Shandong, China",,265600,37.772722,120.901533,,https://slh.com/hotels/longting-vineyard-hotel,,,,14:00,12:00,
SLH-42356,Grasse Grace Manor,,Small Luxury Hotels of the World,全球奢华精品酒店,small-luxury-hotels-of-the-world,FULLY_BOOKABLE,Hotel,Luxury,Miaoli,苗栗,Taiwan,台湾,"Dongjiang, Nanjiang Village, Miaoli, 353003, Taiwan",,353003,24.5946746,121.0018126,,https://slh.com/hotels/grasse-grace-manor,,,,15:00,11:00,
SLH-42090,Hotel Beore Sun Moon Lake,,Small Luxury Hotels of the World,全球奢华精品酒店,small-luxury-hotels-of-the-world,FULLY_BOOKABLE,Hotel,Luxury,Nantou,南投,Taiwan,台湾,"196 Zhongshan Road, Yuchi Township, Nantou, 00555, Taiwan",,00555,23.866685,120.909324,,https://slh.com/hotels/hotel-beore-sun-moon-lake,,,,16:00,11:00,
SLH-78810,The Old England Manor,,Small Luxury Hotels of the World,全球奢华精品酒店,small-luxury-hotels-of-the-world,FULLY_BOOKABLE,Hotel,Luxury,Nantou,南投,Taiwan,台湾,"No 20 to 3 Shouting Lane, Renai Township, Nantou, 54641, Taiwan",,54641,24.037686,121.15888,,https://slh.com/hotels/the-old-england-manor,,,,15:30,11:30,
SLH-42066,Grand Victoria Hotel,,Small Luxury Hotels of the World,全球奢华精品酒店,small-luxury-hotels-of-the-world,FULLY_BOOKABLE,Hotel,Luxury,Taipei,台北,Taiwan,台湾,"No 168 Jingye 4th Road, Taipei, 00104, Taiwan",,00104,25.084617,121.55888,,https://slh.com/hotels/grand-victoria-hotel,,,,15:00,11:00,
FS-hongkong,Four Seasons Hotel Hong Kong,香港四季酒店,Four Seasons,四季酒店,four-seasons,FULLY_BOOKABLE,Hotel,Luxury,Hong Kong,香港,Hong Kong,香港,"8 Finance Street, Central, Hong Kong, CN",,,,,+(852) 3196 8888,https://www.fourseasons.com/hongkong/,https://www.fourseasons.com/hongkong/zh/,,,,,
FS-beijing,Four Seasons Hotel Beijing,北京四季酒店,Four Seasons,四季酒店,four-seasons,FULLY_BOOKABLE,Hotel,Luxury,Beijing,北京,Beijing,北京,"Four Seasons Hotel Beijing 48 Liang Ma Qiao Road 100125 Chaoyang District, Beijing China",,,,,+86 (10) 5695 8888,https://www.fourseasons.com/beijing/,https://www.fourseasons.com/beijing/zh/,,,,,
FS-dalian,Four Seasons Hotel Dalian,大连四季酒店,Four Seasons,四季酒店,four-seasons,FULLY_BOOKABLE,Hotel,Luxury,Dalian,大连,Liaoning,辽宁,"45 Zhuyu Street, Zhongshan District, Dalian, Liaoning, 116007, CN",,,,,+86 (411) 3994 8888,https://www.fourseasons.com/dalian/,https://www.fourseasons.com/dalian/zh/,,,,,
FS-guangzhou,Four Seasons Hotel Guangzhou,广州四季酒店,Four Seasons,四季酒店,four-seasons,FULLY_BOOKABLE,Hotel,Luxury,Guangzhou,广州,Guangdong,广东,"5 Zhujiang West Road, Zhujiang New Town, Tianhe District, Guangzhou, 510623, CN",,,,,+86 20 8883 3888,https://www.fourseasons.com/guangzhou/,https://www.fourseasons.com/guangzhou/zh/,,,,,
FS-hangzhoucentre,Four Seasons Hotel Hangzhou at Hangzhou Centre,杭州中心四季酒店,Four Seasons,四季酒店,four-seasons,FULLY_BOOKABLE,Hotel,Luxury,Hangzhou,杭州,Zhejiang,浙江,"493 Zhongshan North Road, Gongshu District, Hangzhou, 310005, CN",,,,,+86 (571) 8681 8888,https://www.fourseasons.com/hangzhoucentre/,https://www.fourseasons.com/hangzhoucentre/zh/,,,,,
FS-hangzhou,Four Seasons Hotel Hangzhou at West Lake,杭州西子湖四季酒店,Four Seasons,四季酒店,four-seasons,FULLY_BOOKABLE,Hotel,Luxury,Hangzhou,杭州,Zhejiang,浙江,"5 Lingyin Road, Xihu District Hangzhou, Zhejiang Province, China 310013",,,,,+1 86 (571) 8829-8888,https://www.fourseasons.com/hangzhou/,https://www.fourseasons.com/hangzhou/zh/,,,,,
FS-shenzhen,Four Seasons Hotel Shenzhen,深圳四季酒店,Four Seasons,四季酒店,four-seasons,FULLY_BOOKABLE,Hotel,Luxury,Shenzhen,深圳,Guangdong,广东,"138 Fuhua Third Road, Futian District, Shenzhen, Guangdong, 518048 , CN",,,,,+86 755 8826 8888,https://www.fourseasons.com/shenzhen/,https://www.fourseasons.com/shenzhen/zh/,,,,,
FS-suzhou,Four Seasons Hotel Suzhou,苏州四季酒店,Four Seasons,四季酒店,four-seasons,FULLY_BOOKABLE,Hotel,Luxury,Suzhou,苏州,Jiangsu,江苏,"88 Four Seasons Boulevard, Suzhou, JIANGSU 215000",,,,,+86 (512) 6281 8888,https://www.fourseasons.com/suzhou/,https://www.fourseasons.com/suzhou/zh/,,,,,
FS-tianjin,Four Seasons Hotel Tianjin,天津四季酒店,Four Seasons,四季酒店,four-seasons,FULLY_BOOKABLE,Hotel,Luxury,Tianjin,天津,Tianjin,天津,"Four Seasons Hotel Tianjin 138 Chifeng Road Heping District, Tianjin, 300041 China",,,,,+1 86 (22) 2716 6688,https://www.fourseasons.com/tianjin/,https://www.fourseasons.com/tianjin/zh/,,,,,
FS-macao,Four Seasons Hotel Macao,澳门四季酒店,Four Seasons,四季酒店,four-seasons,FULLY_BOOKABLE,Hotel,Luxury,Macau,澳门,Macau,澳门,"Estrada da Baía de N. Senhora da Esperança, S/N, Taipa, Macau, CN",,,,,+1 (853) 2881-8888,https://www.fourseasons.com/macao/,https://www.fourseasons.com/macao/zh/,,,,,
FS-grandsuitesmacau,The Grand Suites at Four Seasons,澳门四季名荟,Four Seasons,四季酒店,four-seasons,FULLY_BOOKABLE,Hotel,Luxury,Macau,澳门,Macau,澳门,"Estrada da Baía de N. Senhora da Esperança, S/N, Taipa, Macau, CN",,,,,+1 (853) 2881-8888,https://www.fourseasons.com/grandsuitesmacau/,https://www.fourseasons.com/grandsuitesmacau/zh/,,,,,
AMAN-aman-summer-palace,Aman Summer Palace,颐和安缦,Aman,安缦,aman,FULLY_BOOKABLE,Hotel,Luxury,Beijing,北京,Beijing,北京,"1 Gongmenqian Street, Summer Palace, Beijing, China 100091",,,,,,https://www.aman.com/resorts/aman-summer-palace,,,,,,
AMAN-amanfayun,Amanfayun,法云安缦,Aman,安缦,aman,FULLY_BOOKABLE,Hotel,Luxury,Hangzhou,杭州,Zhejiang,浙江,"22 Fayun Lane, West Lake Street, West Lake Scenic Area, Hangzhou, PRC 310013",,,,,(86) 571 8732 9999,https://www.aman.com/resorts/amanfayun,,,,,,
AMAN-amandayan,Amandayan,大研安缦,Aman,安缦,aman,FULLY_BOOKABLE,Hotel,Luxury,Lijiang,丽江,Yunnan,云南,"Amandayan, 29 Shishan Road,Gucheng District, Lijiang, Yunnan, PRC 674199",,,,,+(86) 888 533 9999,https://www.aman.com/resorts/amandayan,,,,,,
AMAN-amanyangyun,Amanyangyun,养云安缦,Aman,安缦,aman,FULLY_BOOKABLE,Hotel,Luxury,Shanghai,上海,Shanghai,上海,"Amanyangyun, Shanghai",,,,,(86) 21 8011 9999,https://www.aman.com/resorts/amanyangyun,,,,,,
SHANGRI-LA-hong-kong-www-shangri-la-com-cn-hongkong-kowloonshangrila,,九龙香格里拉,Shangri-La,香格里拉,shangri-la,FULLY_BOOKABLE,Hotel,Luxury,Hong Kong,香港,Hong Kong,香港,,,,,,,https://www.shangri-la.com/en/hongkong/kowloonshangrila/,https://www.shangri-la.com/cn/hongkong/kowloonshangrila/,,,,,
SHANGRI-LA-hong-kong-www-shangri-la-com-cn-hongkong-islandshangrila,,港岛香格里拉,Shangri-La,香格里拉,shangri-la,FULLY_BOOKABLE,Hotel,Luxury,Hong Kong,香港,Hong Kong,香港,,,,,,,https://www.shangri-la.com/en/hongkong/islandshangrila/,https://www.shangri-la.com/cn/hongkong/islandshangrila/,,,,,
SHANGRI-LA-hong-kong-www-hoteljen-com-cn-hongkong-westerndistrict,,香港 JEN 酒店,JEN Hotels,JEN 酒店,jen-hotels,FULLY_BOOKABLE,Hotel,Luxury,Hong Kong,香港,Hong Kong,香港,,,,,,,https://www.hoteljen.com/en/hongkong/westerndistrict,https://www.hoteljen.com/cn/hongkong/westerndistrict,,,,,
SHANGRI-LA-hong-kong-www-shangri-la-com-cn-hongkong-kerry,,香港嘉里酒店,Kerry Hotels,嘉里酒店,kerry-hotels,FULLY_BOOKABLE,Hotel,Luxury,Hong Kong,香港,Hong Kong,香港,,,,,,,https://www.shangri-la.com/en/hongkong/kerry/,https://www.shangri-la.com/cn/hongkong/kerry/,,,,,
SHANGRI-LA-baotou-www-shangri-la-com-cn-baotou-shangrila,,包头香格里拉,Shangri-La,香格里拉,shangri-la,FULLY_BOOKABLE,Hotel,Luxury,Baotou,包头,Inner Mongolia,内蒙古,,,,,,,https://www.shangri-la.com/en/baotou/shangrila/,https://www.shangri-la.com/cn/baotou/shangrila/,,,,,
SHANGRI-LA-beihai-www-shangri-la-com-cn-beihai-shangrila,,北海香格里拉,Shangri-La,香格里拉,shangri-la,FULLY_BOOKABLE,Hotel,Luxury,Beihai,北海,Guangxi,广西,,,,,,,https://www.shangri-la.com/en/beihai/shangrila/,https://www.shangri-la.com/cn/beihai/shangrila/,,,,,
SHANGRI-LA-beijing-www-hoteljen-com-cn-beijing-centraldistrict,,JEN北京新国贸饭店,JEN Hotels,JEN 酒店,jen-hotels,FULLY_BOOKABLE,Hotel,Luxury,Beijing,北京,Beijing,北京,,,,,,,https://www.hoteljen.com/en/beijing/centraldistrict,https://www.hoteljen.com/cn/beijing/centraldistrict,,,,,
SHANGRI-LA-beijing-www-shangri-la-com-cn-beijing-chinaworld,,北京中国大饭店,Shangri-La,香格里拉,shangri-la,FULLY_BOOKABLE,Hotel,Luxury,Beijing,北京,Beijing,北京,,,,,,,https://www.shangri-la.com/en/beijing/chinaworld/,https://www.shangri-la.com/cn/beijing/chinaworld/,,,,,
SHANGRI-LA-beijing-www-shangri-la-com-cn-beijing-kerry,,北京嘉里大酒店,Kerry Hotels,嘉里酒店,kerry-hotels,FULLY_BOOKABLE,Hotel,Luxury,Beijing,北京,Beijing,北京,,,,,,,https://www.shangri-la.com/en/beijing/kerry/,https://www.shangri-la.com/cn/beijing/kerry/,,,,,
SHANGRI-LA-beijing-www-shangri-la-com-cn-beijing-chinaworldsummitwing,,北京国贸大酒店,Shangri-La,香格里拉,shangri-la,FULLY_BOOKABLE,Hotel,Luxury,Beijing,北京,Beijing,北京,,,,,,,https://www.shangri-la.com/en/beijing/chinaworldsummitwing/,https://www.shangri-la.com/cn/beijing/chinaworldsummitwing/,,,,,
SHANGRI-LA-beijing-www-shangri-la-com-cn-beijing-shangrilashougangpark,,北京首钢园香格里拉,Shangri-La,香格里拉,shangri-la,FULLY_BOOKABLE,Hotel,Luxury,Beijing,北京,Beijing,北京,,,,,,,https://www.shangri-la.com/en/beijing/shangrilashougangpark/,https://www.shangri-la.com/cn/beijing/shangrilashougangpark/,,,,,
SHANGRI-LA-beijing-www-shangri-la-com-cn-beijing-shangrila,,北京香格里拉,Shangri-La,香格里拉,shangri-la,FULLY_BOOKABLE,Hotel,Luxury,Beijing,北京,Beijing,北京,,,,,,,https://www.shangri-la.com/en/beijing/shangrila/,https://www.shangri-la.com/cn/beijing/shangrila/,,,,,
SHANGRI-LA-changchun-www-shangri-la-com-cn-changchun-shangrila,,长春香格里拉,Shangri-La,香格里拉,shangri-la,FULLY_BOOKABLE,Hotel,Luxury,Changchun,长春,Jilin,吉林,,,,,,,https://www.shangri-la.com/en/changchun/shangrila/,https://www.shangri-la.com/cn/changchun/shangrila/,,,,,
SHANGRI-LA-chengdu-www-shangri-la-com-cn-chengdu-shangrila,,成都香格里拉,Shangri-La,香格里拉,shangri-la,FULLY_BOOKABLE,Hotel,Luxury,Chengdu,成都,Sichuan,四川,,,,,,,https://www.shangri-la.com/en/chengdu/shangrila/,https://www.shangri-la.com/cn/chengdu/shangrila/,,,,,
SHANGRI-LA-dalian-www-shangri-la-com-cn-dalian-shangrila,,大连香格里拉,Shangri-La,香格里拉,shangri-la,FULLY_BOOKABLE,Hotel,Luxury,Dalian,大连,Liaoning,辽宁,,,,,,,https://www.shangri-la.com/en/dalian/shangrila/,https://www.shangri-la.com/cn/dalian/shangrila/,,,,,
SHANGRI-LA-fuzhou-www-shangri-la-com-cn-fuzhou-shangrila,,福州香格里拉,Shangri-La,香格里拉,shangri-la,FULLY_BOOKABLE,Hotel,Luxury,Fuzhou,福州,Fujian,福建,,,,,,,https://www.shangri-la.com/en/fuzhou/shangrila/,https://www.shangri-la.com/cn/fuzhou/shangrila/,,,,,
SHANGRI-LA-guangzhou-www-shangri-la-com-cn-guangzhou-shangrila,,广州香格里拉,Shangri-La,香格里拉,shangri-la,FULLY_BOOKABLE,Hotel,Luxury,Guangzhou,广州,Guangdong,广东,,,,,,,https://www.shangri-la.com/en/guangzhou/shangrila/,https://www.shangri-la.com/cn/guangzhou/shangrila/,,,,,
SHANGRI-LA-guilin-www-shangri-la-com-cn-guilin-shangrila,,桂林香格里拉,Shangri-La,香格里拉,shangri-la,FULLY_BOOKABLE,Hotel,Luxury,Guilin,桂林,Guangxi,广西,,,,,,,https://www.shangri-la.com/en/guilin/shangrila/,https://www.shangri-la.com/cn/guilin/shangrila/,,,,,
SHANGRI-LA-hangzhou-www-shangri-la-com-cn-hangzhou-gongshudistrict-pre-opening,,杭州JEN酒店,JEN Hotels,JEN 酒店,jen-hotels,OPENING_SOON,Hotel,Luxury,Hangzhou,杭州,Zhejiang,浙江,,,,,,,https://www.shangri-la.com/en/hangzhou/gongshudistrict/pre-opening,https://www.shangri-la.com/cn/hangzhou/gongshudistrict/pre-opening,,2026,,,
SHANGRI-LA-hangzhou-www-shangri-la-com-cn-hangzhou-midtownshangrila,,杭州城中香格里拉,Shangri-La,香格里拉,shangri-la,FULLY_BOOKABLE,Hotel,Luxury,Hangzhou,杭州,Zhejiang,浙江,,,,,,,https://www.shangri-la.com/en/hangzhou/midtownshangrila/,https://www.shangri-la.com/cn/hangzhou/midtownshangrila/,,,,,
SHANGRI-LA-hangzhou-www-shangri-la-com-cn-hangzhou-shangrila,,杭州香格里拉,Shangri-La,香格里拉,shangri-la,FULLY_BOOKABLE,Hotel,Luxury,Hangzhou,杭州,Zhejiang,浙江,,,,,,,https://www.shangri-la.com/en/hangzhou/shangrila/,https://www.shangri-la.com/cn/hangzhou/shangrila/,,,,,
CNHGH004,,杭州香格里拉饭店·水知心居,Shangri-La,香格里拉,shangri-la,FULLY_BOOKABLE,Hotel,Luxury,Hangzhou,杭州,Zhejiang,浙江,,,,,,,https://www.shangri-la.com/en/hangzhou/shangrila/thesilklakehouse/?hotelCode=CNHGH004&hotel=The%20Silk%20Lakehouse%2C%20Shangri-La%20Hangzhou&city=Hangzhou&cityEn=Hangzhou,https://www.shangri-la.com/cn/hangzhou/shangrila/thesilklakehouse/?hotelCode=CNHGH004&hotel=The%20Silk%20Lakehouse%2C%20Shangri-La%20Hangzhou&city=Hangzhou&cityEn=Hangzhou,,,,,
SHANGRI-LA-harbin-www-shangri-la-com-cn-harbin-songbeishangrila,,哈尔滨松北香格里拉,Shangri-La,香格里拉,shangri-la,FULLY_BOOKABLE,Hotel,Luxury,Harbin,哈尔滨,Heilongjiang,黑龙江,,,,,,,https://www.shangri-la.com/en/harbin/songbeishangrila/,https://www.shangri-la.com/cn/harbin/songbeishangrila/,,,,,
SHANGRI-LA-harbin-www-shangri-la-com-cn-harbin-shangrila,,哈尔滨香格里拉,Shangri-La,香格里拉,shangri-la,FULLY_BOOKABLE,Hotel,Luxury,Harbin,哈尔滨,Heilongjiang,黑龙江,,,,,,,https://www.shangri-la.com/en/harbin/shangrila/,https://www.shangri-la.com/cn/harbin/shangrila/,,,,,
SHANGRI-LA-hefei-www-shangri-la-com-cn-hefei-shangrila,,合肥香格里拉,Shangri-La,香格里拉,shangri-la,FULLY_BOOKABLE,Hotel,Luxury,Hefei,合肥,Anhui,安徽,,,,,,,https://www.shangri-la.com/en/hefei/shangrila/,https://www.shangri-la.com/cn/hefei/shangrila/,,,,,
SHANGRI-LA-huhhot-www-shangri-la-com-cn-huhhot-shangrila,,呼和浩特香格里拉,Shangri-La,香格里拉,shangri-la,FULLY_BOOKABLE,Hotel,Luxury,Huhhot,呼和浩特,Inner Mongolia,内蒙古,,,,,,,https://www.shangri-la.com/en/huhhot/shangrila/,https://www.shangri-la.com/cn/huhhot/shangrila/,,,,,
SHANGRI-LA-jinan-www-shangri-la-com-cn-jinan-shangrila,,济南香格里拉,Shangri-La,香格里拉,shangri-la,FULLY_BOOKABLE,Hotel,Luxury,Jinan,济南,Shandong,山东,,,,,,,https://www.shangri-la.com/en/jinan/shangrila/,https://www.shangri-la.com/cn/jinan/shangrila/,,,,,
SHANGRI-LA-kunming-www-hoteljen-com-cn-kunming-panlongdistrict,,昆明JEN酒店,JEN Hotels,JEN 酒店,jen-hotels,FULLY_BOOKABLE,Hotel,Luxury,Kunming,昆明,Yunnan,云南,,,,,,,https://www.hoteljen.com/en/kunming/panlongdistrict,https://www.hoteljen.com/cn/kunming/panlongdistrict,,,,,
SHANGRI-LA-kunming-www-shangri-la-com-cn-kunming-shangrila,,昆明香格里拉,Shangri-La,香格里拉,shangri-la,FULLY_BOOKABLE,Hotel,Luxury,Kunming,昆明,Yunnan,云南,,,,,,,https://www.shangri-la.com/en/kunming/shangrila/,https://www.shangri-la.com/cn/kunming/shangrila/,,,,,
SHANGRI-LA-lhasa-www-shangri-la-com-cn-lhasa-shangrila,,拉萨香格里拉,Shangri-La,香格里拉,shangri-la,FULLY_BOOKABLE,Hotel,Luxury,Lhasa,拉萨,Tibet,西藏,,,,,,,https://www.shangri-la.com/en/lhasa/shangrila/,https://www.shangri-la.com/cn/lhasa/shangrila/,,,,,
SHANGRI-LA-manzhouli-www-shangri-la-com-cn-manzhouli-shangrila,,满洲里香格里拉,Shangri-La,香格里拉,shangri-la,FULLY_BOOKABLE,Hotel,Luxury,Manzhouli,满洲里,Inner Mongolia,内蒙古,,,,,,,https://www.shangri-la.com/en/manzhouli/shangrila/,https://www.shangri-la.com/cn/manzhouli/shangrila/,,,,,
SHANGRI-LA-nanchang-www-shangri-la-com-cn-nanchang-shangrila,,南昌香格里拉,Shangri-La,香格里拉,shangri-la,FULLY_BOOKABLE,Hotel,Luxury,Nanchang,南昌,Jiangxi,江西,,,,,,,https://www.shangri-la.com/en/nanchang/shangrila/,https://www.shangri-la.com/cn/nanchang/shangrila/,,,,,
SHANGRI-LA-nanjing-www-shangri-la-com-cn-nanjing-shangrila,,南京香格里拉,Shangri-La,香格里拉,shangri-la,FULLY_BOOKABLE,Hotel,Luxury,Nanjing,南京,Jiangsu,江苏,,,,,,,https://www.shangri-la.com/en/nanjing/shangrila/,https://www.shangri-la.com/cn/nanjing/shangrila/,,,,,
SHANGRI-LA-nanning-www-shangri-la-com-cn-nanning-shangrila,,南宁香格里拉,Shangri-La,香格里拉,shangri-la,FULLY_BOOKABLE,Hotel,Luxury,Nanning,南宁,Guangxi,广西,,,,,,,https://www.shangri-la.com/en/nanning/shangrila/,https://www.shangri-la.com/cn/nanning/shangrila/,,,,,
SHANGRI-LA-ningbo-www-shangri-la-com-cn-ningbo-shangrila,,宁波香格里拉,Shangri-La,香格里拉,shangri-la,FULLY_BOOKABLE,Hotel,Luxury,Ningbo,宁波,Zhejiang,浙江,,,,,,,https://www.shangri-la.com/en/ningbo/shangrila/,https://www.shangri-la.com/cn/ningbo/shangrila/,,,,,
SHANGRI-LA-putian-www-shangri-la-com-cn-putian-shangrila,,莆田香格里拉,Shangri-La,香格里拉,shangri-la,FULLY_BOOKABLE,Hotel,Luxury,Putian,莆田,Fujian,福建,,,,,,,https://www.shangri-la.com/en/putian/shangrila/,https://www.shangri-la.com/cn/putian/shangrila/,,,,,
SHANGRI-LA-qingdao-www-shangri-la-com-cn-qingdao-shangrila,,青岛香格里拉,Shangri-La,香格里拉,shangri-la,FULLY_BOOKABLE,Hotel,Luxury,Qingdao,青岛,Shandong,山东,,,,,,,https://www.shangri-la.com/en/qingdao/shangrila/,https://www.shangri-la.com/cn/qingdao/shangrila/,,,,,
SHANGRI-LA-qinhuangdao-www-shangri-la-com-cn-qinhuangdao-shangrila,,秦皇岛香格里拉,Shangri-La,香格里拉,shangri-la,FULLY_BOOKABLE,Hotel,Luxury,Qinhuangdao,秦皇岛,Hebei,河北,,,,,,,https://www.shangri-la.com/en/qinhuangdao/shangrila/,https://www.shangri-la.com/cn/qinhuangdao/shangrila/,,,,,
SHANGRI-LA-qufu-www-shangri-la-com-cn-qufu-shangrila,,曲阜香格里拉,Shangri-La,香格里拉,shangri-la,FULLY_BOOKABLE,Hotel,Luxury,Qufu,曲阜,Shandong,山东,,,,,,,https://www.shangri-la.com/en/qufu/shangrila/,https://www.shangri-la.com/cn/qufu/shangrila/,,,,,
SHANGRI-LA-sanya-www-shangri-la-com-cn-sanya-shangrilasanya,,三亚香格里拉,Shangri-La,香格里拉,shangri-la,FULLY_BOOKABLE,Hotel,Luxury,Sanya,三亚,Hainan,海南,,,,,,,https://www.shangri-la.com/en/sanya/shangrilasanya/,https://www.shangri-la.com/cn/sanya/shangrilasanya/,,,,,
SHANGRI-LA-shanghai-www-shangri-la-com-cn-shanghai-qiantanshangrila,,上海前滩香格里拉,Shangri-La,香格里拉,shangri-la,FULLY_BOOKABLE,Hotel,Luxury,Shanghai,上海,Shanghai,上海,,,,,,,https://www.shangri-la.com/en/shanghai/qiantanshangrila/,https://www.shangri-la.com/cn/shanghai/qiantanshangrila/,,,,,
SHANGRI-LA-shanghai-www-shangri-la-com-cn-shanghai-kerryhotelpudong,,上海浦东嘉里大酒店,Kerry Hotels,嘉里酒店,kerry-hotels,FULLY_BOOKABLE,Hotel,Luxury,Shanghai,上海,Shanghai,上海,,,,,,,https://www.shangri-la.com/en/shanghai/kerryhotelpudong/,https://www.shangri-la.com/cn/shanghai/kerryhotelpudong/,,,,,
SHANGRI-LA-shanghai-www-shangri-la-com-cn-shanghai-pudongshangrila,,上海浦东香格里拉,Shangri-La,香格里拉,shangri-la,FULLY_BOOKABLE,Hotel,Luxury,Shanghai,上海,Shanghai,上海,,,,,,,https://www.shangri-la.com/en/shanghai/pudongshangrila/,https://www.shangri-la.com/cn/shanghai/pudongshangrila/,,,,,
SHANGRI-LA-shanghai-www-shangri-la-com-cn-shanghai-tradershongqiaoairport,,上海虹桥机场盛贸酒店,Traders Hotels,盛贸酒店,traders-hotels,FULLY_BOOKABLE,Hotel,Luxury,Shanghai,上海,Shanghai,上海,,,,,,,https://www.shangri-la.com/en/shanghai/tradershongqiaoairport/,https://www.shangri-la.com/cn/shanghai/tradershongqiaoairport/,,,,,
SHANGRI-LA-shanghai-www-shangri-la-com-cn-shanghai-shangrilahongqiaoairport,,上海虹桥机场香格里拉,Shangri-La,香格里拉,shangri-la,FULLY_BOOKABLE,Hotel,Luxury,Shanghai,上海,Shanghai,上海,,,,,,,https://www.shangri-la.com/en/shanghai/shangrilahongqiaoairport/,https://www.shangri-la.com/cn/shanghai/shangrilahongqiaoairport/,,,,,
SHANGRI-LA-shanghai-www-shangri-la-com-cn-shanghai-jinganshangrila,,上海静安香格里拉,Shangri-La,香格里拉,shangri-la,FULLY_BOOKABLE,Hotel,Luxury,Shanghai,上海,Shanghai,上海,,,,,,,https://www.shangri-la.com/en/shanghai/jinganshangrila/,https://www.shangri-la.com/cn/shanghai/jinganshangrila/,,,,,
SHANGRI-LA-shangrila-www-shangri-la-com-cn-yunnan-shangrila,,香格里拉大酒店,Shangri-La,香格里拉,shangri-la,FULLY_BOOKABLE,Hotel,Luxury,ShangriLa,香格里拉,Yunnan,云南,,,,,,,https://www.shangri-la.com/en/yunnan/shangrila/,https://www.shangri-la.com/cn/yunnan/shangrila/,,,,,
SHANGRI-LA-shenyang-www-hoteljen-com-cn-shenyang-hepingdistrict,,沈阳JEN酒店,JEN Hotels,JEN 酒店,jen-hotels,FULLY_BOOKABLE,Hotel,Luxury,Shenyang,沈阳,Liaoning,辽宁,,,,,,,https://www.hoteljen.com/en/shenyang/hepingdistrict,https://www.hoteljen.com/cn/shenyang/hepingdistrict,,,,,
SHANGRI-LA-shenyang-www-shangri-la-com-cn-shenyang-shangrila,,沈阳香格里拉,Shangri-La,香格里拉,shangri-la,FULLY_BOOKABLE,Hotel,Luxury,Shenyang,沈阳,Liaoning,辽宁,,,,,,,https://www.shangri-la.com/en/shenyang/shangrila/,https://www.shangri-la.com/cn/shenyang/shangrila/,,,,,
SHANGRI-LA-shenzhen-www-hoteljen-com-cn-shenzhen-qianhai,,深圳前海JEN酒店,JEN Hotels,JEN 酒店,jen-hotels,FULLY_BOOKABLE,Hotel,Luxury,Shenzhen,深圳,Guangdong,广东,,,,,,,https://www.hoteljen.com/en/shenzhen/qianhai,https://www.hoteljen.com/cn/shenzhen/qianhai,,,,,
SHANGRI-LA-shenzhen-www-shangri-la-com-cn-shenzhen-nanshanshangrila,,深圳南山香格里拉,Shangri-La,香格里拉,shangri-la,FULLY_BOOKABLE,Hotel,Luxury,Shenzhen,深圳,Guangdong,广东,,,,,,,https://www.shangri-la.com/en/shenzhen/nanshanshangrila/,https://www.shangri-la.com/cn/shenzhen/nanshanshangrila/,,,,,
SHANGRI-LA-shenzhen-www-shangri-la-com-cn-shenzhen-futianshangrila,,深圳福田香格里拉,Shangri-La,香格里拉,shangri-la,FULLY_BOOKABLE,Hotel,Luxury,Shenzhen,深圳,Guangdong,广东,,,,,,,https://www.shangri-la.com/en/shenzhen/futianshangrila/,https://www.shangri-la.com/cn/shenzhen/futianshangrila/,,,,,
SHANGRI-LA-shenzhen-www-shangri-la-com-cn-shenzhen-shangrila,,深圳香格里拉,Shangri-La,香格里拉,shangri-la,FULLY_BOOKABLE,Hotel,Luxury,Shenzhen,深圳,Guangdong,广东,,,,,,,https://www.shangri-la.com/en/shenzhen/shangrila/,https://www.shangri-la.com/cn/shenzhen/shangrila/,,,,,
SHANGRI-LA-suzhou-www-shangri-la-com-cn-suzhou-jinjilakeshangrila,,苏州园区香格里拉,Shangri-La,香格里拉,shangri-la,FULLY_BOOKABLE,Hotel,Luxury,Suzhou,苏州,Jiangsu,江苏,,,,,,,https://www.shangri-la.com/en/suzhou/jinjilakeshangrila/,https://www.shangri-la.com/cn/suzhou/jinjilakeshangrila/,,,,,
SHANGRI-LA-suzhou-www-shangri-la-com-cn-suzhou-shangrila,,苏州香格里拉,Shangri-La,香格里拉,shangri-la,FULLY_BOOKABLE,Hotel,Luxury,Suzhou,苏州,Jiangsu,江苏,,,,,,,https://www.shangri-la.com/en/suzhou/shangrila/,https://www.shangri-la.com/cn/suzhou/shangrila/,,,,,
SHANGRI-LA-tangshan-www-shangri-la-com-cn-tangshan-shangrila,,唐山香格里拉,Shangri-La,香格里拉,shangri-la,FULLY_BOOKABLE,Hotel,Luxury,Tangshan,唐山,Hebei,河北,,,,,,,https://www.shangri-la.com/en/tangshan/shangrila/,https://www.shangri-la.com/cn/tangshan/shangrila/,,,,,
SHANGRI-LA-tianjin-www-shangri-la-com-cn-tianjin-shangrila,,天津香格里拉,Shangri-La,香格里拉,shangri-la,FULLY_BOOKABLE,Hotel,Luxury,Tianjin,天津,Tianjin,天津,,,,,,,https://www.shangri-la.com/en/tianjin/shangrila/,https://www.shangri-la.com/cn/tianjin/shangrila/,,,,,
SHANGRI-LA-wenzhou-www-shangri-la-com-cn-wenzhou-shangrila,,温州香格里拉,Shangri-La,香格里拉,shangri-la,FULLY_BOOKABLE,Hotel,Luxury,Wenzhou,温州,Zhejiang,浙江,,,,,,,https://www.shangri-la.com/en/wenzhou/shangrila/,https://www.shangri-la.com/cn/wenzhou/shangrila/,,,,,
SHANGRI-LA-wuhan-www-shangri-la-com-cn-wuhan-shangrila,,武汉香格里拉,Shangri-La,香格里拉,shangri-la,FULLY_BOOKABLE,Hotel,Luxury,Wuhan,武汉,Hubei,湖北,,,,,,,https://www.shangri-la.com/en/wuhan/shangrila/,https://www.shangri-la.com/cn/wuhan/shangrila/,,,,,
SHANGRI-LA-xiamen-www-shangri-la-com-cn-xiamen-shangrila,,厦门香格里拉,Shangri-La,香格里拉,shangri-la,FULLY_BOOKABLE,Hotel,Luxury,Xiamen,厦门,Fujian,福建,,,,,,,https://www.shangri-la.com/en/xiamen/shangrila/,https://www.shangri-la.com/cn/xiamen/shangrila/,,,,,
SHANGRI-LA-xian-www-shangri-la-com-cn-xian-shangrila,,西安香格里拉,Shangri-La,香格里拉,shangri-la,FULLY_BOOKABLE,Hotel,Luxury,Xian,西安,Shaanxi,陕西,,,,,,,https://www.shangri-la.com/en/xian/shangrila/,https://www.shangri-la.com/cn/xian/shangrila/,,,,,
SHANGRI-LA-yangzhou-www-shangri-la-com-cn-yangzhou-shangrila,,扬州香格里拉,Shangri-La,香格里拉,shangri-la,FULLY_BOOKABLE,Hotel,Luxury,Yangzhou,扬州,Jiangsu,江苏,,,,,,,https://www.shangri-la.com/en/yangzhou/shangrila/,https://www.shangri-la.com/cn/yangzhou/shangrila/,,,,,
SHANGRI-LA-yiwu-www-shangri-la-com-cn-yiwu-shangrila,,义乌香格里拉,Shangri-La,香格里拉,shangri-la,FULLY_BOOKABLE,Hotel,Luxury,Yiwu,义乌,Zhejiang,浙江,,,,,,,https://www.shangri-la.com/en/yiwu/shangrila/,https://www.shangri-la.com/cn/yiwu/shangrila/,,,,,
SHANGRI-LA-zhoushan-www-shangri-la-com-cn-zhoushan-shangrila,,舟山香格里拉,Shangri-La,香格里拉,shangri-la,FULLY_BOOKABLE,Hotel,Luxury,Zhoushan,舟山,Zhejiang,浙江,,,,,,,https://www.shangri-la.com/en/zhoushan/shangrila/,https://www.shangri-la.com/cn/zhoushan/shangrila/,,,,,
SHANGRI-LA-tainan-www-shangri-la-com-cn-tainan-fareasternplazashangrila,,台南远东香格里拉,Shangri-La,香格里拉,shangri-la,FULLY_BOOKABLE,Hotel,Luxury,Tainan,台南,Taiwan,台湾,,,,,,,https://www.shangri-la.com/en/tainan/fareasternplazashangrila/,https://www.shangri-la.com/cn/tainan/fareasternplazashangrila/,,,,,
SHANGRI-LA-taipei-www-shangri-la-com-cn-taipei-fareasternplazashangrila,,台北远东香格里拉,Shangri-La,香格里拉,shangri-la,FULLY_BOOKABLE,Hotel,Luxury,Taipei,台北,Taiwan,台湾,,,,,,,https://www.shangri-la.com/en/taipei/fareasternplazashangrila/,https://www.shangri-la.com/cn/taipei/fareasternplazashangrila/,,,,,
MO-hong-kong-the-landmark,"Mandarin Oriental The Landmark, Hong Kong",香港置地文华东方酒店,Mandarin Oriental,文华东方,mandarin-oriental,FULLY_BOOKABLE,Hotel,Luxury,Hong Kong,香港,Hong Kong,香港,"The Landmark, 15 Queen’s Road Central",,,22.280541,114.158005,+852 2132 0188,https://www.mandarinoriental.com/en/hong-kong/the-landmark,https://www.mandarinoriental.com/zh-cn/hong-kong/the-landmark,,,,,
MO-hong-kong-victoria-harbour,"Mandarin Oriental, Hong Kong",香港文华东方酒店,Mandarin Oriental,文华东方,mandarin-oriental,FULLY_BOOKABLE,Hotel,Luxury,Hong Kong,香港,Hong Kong,香港,5 Connaught Road Central,,,22.282098,114.159551,+852 2522 0111,https://www.mandarinoriental.com/en/hong-kong/victoria-harbour,https://www.mandarinoriental.com/zh-cn/hong-kong/victoria-harbour,,,,,
MO-beijing-qianmen,"Mandarin Oriental Qianmen, Beijing",北京前门文华东方酒店,Mandarin Oriental,文华东方,mandarin-oriental,FULLY_BOOKABLE,Hotel,Luxury,Beijing,北京,Beijing,北京,"No.1 Caochang Alley 10, Dongcheng District",,100005,39.896876,116.40967,+86 10 8592 8888,https://www.mandarinoriental.com/en/beijing/qianmen,https://www.mandarinoriental.com/zh-cn/beijing/qianmen,,,,,
MO-beijing-wangfujing,"Mandarin Oriental Wangfujing, Beijing",北京王府井文华东方酒店,Mandarin Oriental,文华东方,mandarin-oriental,FULLY_BOOKABLE,Hotel,Luxury,Beijing,北京,Beijing,北京,No. 269 Wangfujing Street,,100006,39.912287,116.411085,+86 (10) 8509 8888,https://www.mandarinoriental.com/en/beijing/wangfujing,https://www.mandarinoriental.com/zh-cn/beijing/wangfujing,,,,,
MO-guangzhou-tianhe,"Mandarin Oriental, Guangzhou",广州文华东方酒店,Mandarin Oriental,文华东方,mandarin-oriental,FULLY_BOOKABLE,Hotel,Luxury,Guangzhou,广州,Guangdong,广东,"389 Tianhe Road, Tianhe District",,,23.134865,113.333205,+86 (20) 3808 8888,https://www.mandarinoriental.com/en/guangzhou/tianhe,https://www.mandarinoriental.com/zh-cn/guangzhou/tianhe,,,,,
MO-sanya-dadonghai,"Mandarin Oriental, Sanya",三亚文华东方酒店,Mandarin Oriental,文华东方,mandarin-oriental,FULLY_BOOKABLE,Hotel,Luxury,Sanya,三亚,Hainan,海南,"12 Yuhai Road, Sanya",,572000,18.212868,109.536698,+86 (898) 8820 9999,https://www.mandarinoriental.com/en/sanya/dadonghai,https://www.mandarinoriental.com/zh-cn/sanya/dadonghai,,,,,
MO-shanghai-pudong,"Mandarin Oriental Pudong, Shanghai",上海浦东文华东方酒店,Mandarin Oriental,文华东方,mandarin-oriental,FULLY_BOOKABLE,Hotel,Luxury,Shanghai,上海,Shanghai,上海,"111 Pudong Road (S), Pudong",,200120,31.243605,121.507282,+86 (21) 2082 9888,https://www.mandarinoriental.com/en/shanghai/pudong,https://www.mandarinoriental.com/zh-cn/shanghai/pudong,,,,,
MO-shenzhen-futian,"Mandarin Oriental, Shenzhen",深圳文华东方酒店,Mandarin Oriental,文华东方,mandarin-oriental,FULLY_BOOKABLE,Hotel,Luxury,Shenzhen,深圳,Guangdong,广东,"Block A UpperHills, No. 5001 Huanggang Road, Futian District",,,22.556850518,114.072191508,+86 (755) 8802 6888,https://www.mandarinoriental.com/en/shenzhen/futian,https://www.mandarinoriental.com/zh-cn/shenzhen/futian,,,,,
MO-macau-one-central,"Mandarin Oriental, Macau",澳门文华东方酒店,Mandarin Oriental,文华东方,mandarin-oriental,FULLY_BOOKABLE,Hotel,Luxury,Macau,澳门,Macau,澳门,"n.945, Avenida Dr. Sun Yat Sen",,,22.184541,113.5471134,+853 8805 8888,https://www.mandarinoriental.com/en/macau/one-central,https://www.mandarinoriental.com/zh-cn/macau/one-central,,,,,
MO-taipei-songshan,"Mandarin Oriental, Taipei",台北文华东方酒店,Mandarin Oriental,文华东方,mandarin-oriental,FULLY_BOOKABLE,Hotel,Luxury,Taipei,台北,Taiwan,台湾,No. 158 Dunhua North Road,,10548,25.055728,121.548015,+886 2 2715 6888,https://www.mandarinoriental.com/en/taipei/songshan,https://www.mandarinoriental.com/zh-cn/taipei/songshan,,,,,
ROSEWOOD-rosewood-hong-kong,Rosewood Hong Kong,香港瑰丽酒店,Rosewood,瑰丽酒店,rosewood,FULLY_BOOKABLE,Hotel,Luxury,Hong Kong,香港,Hong Kong,香港,,,,,,,https://www.rosewoodhotels.com/en/hong-kong,,,,,,
ROSEWOOD-rosewood-beijing,Rosewood Beijing,北京瑰丽酒店,Rosewood,瑰丽酒店,rosewood,FULLY_BOOKABLE,Hotel,Luxury,Beijing,北京,Beijing,北京,,,,,,,https://www.rosewoodhotels.com/en/beijing,,,,,,
ROSEWOOD-rosewood-guangzhou,Rosewood Guangzhou,广州瑰丽酒店,Rosewood,瑰丽酒店,rosewood,FULLY_BOOKABLE,Hotel,Luxury,Guangzhou,广州,Guangdong,广东,,,,,,,https://www.rosewoodhotels.com/en/guangzhou,,,,,,
ROSEWOOD-rosewood-ningbo,Rosewood Ningbo,宁波瑰丽酒店,Rosewood,瑰丽酒店,rosewood,OPENING_SOON,Hotel,Luxury,Ningbo,宁波,Zhejiang,浙江,,,,,,,https://www.rosewoodhotels.com/en/ningbo,,,,,,
ROSEWOOD-rosewood-sanya,Rosewood Sanya,三亚瑰丽酒店,Rosewood,瑰丽酒店,rosewood,FULLY_BOOKABLE,Hotel,Luxury,Sanya,三亚,Hainan,海南,,,,,,,https://www.rosewoodhotels.com/en/sanya,,,,,,
ROSEWOOD-rosewood-shenzhen,Rosewood Shenzhen,深圳瑰丽酒店,Rosewood,瑰丽酒店,rosewood,OPENING_SOON,Hotel,Luxury,Shenzhen,深圳,Guangdong,广东,,,,,,,https://www.rosewoodhotels.com/en/shenzhen,,,,,,
the-peninsula-the-peninsula-hong-kong,The Peninsula Hong Kong,香港半岛酒店,The Peninsula,半岛酒店,the-peninsula,FULLY_BOOKABLE,Hotel,Luxury,Hong Kong,香港,Hong Kong,香港,"Salisbury Road, Tsim Sha Tsui, Kowloon, Hong Kong",,,,,,https://www.peninsula.com/en/hong-kong/5-star-luxury-hotel-kowloon,,,,,,
the-peninsula-the-peninsula-beijing,The Peninsula Beijing,北京王府半岛酒店,The Peninsula,半岛酒店,the-peninsula,FULLY_BOOKABLE,Hotel,Luxury,Beijing,北京,Beijing,北京,"8 Goldfish Lane, Wangfujing, Beijing",,,,,,https://www.peninsula.com/en/beijing/5-star-luxury-hotel-wangfujing,,,,,,
the-peninsula-the-peninsula-shanghai,The Peninsula Shanghai,上海半岛酒店,The Peninsula,半岛酒店,the-peninsula,FULLY_BOOKABLE,Hotel,Luxury,Shanghai,上海,Shanghai,上海,"No. 32 The Bund, 32 Zhongshan Dong Yi Road, Shanghai 200002",,,,,,https://www.peninsula.com/en/shanghai/5-star-luxury-hotel-bund,,,,,,
