id,chain,brand_name,display_name,local_name,region,city,district,formatted_address,lat_wgs84,lng_wgs84,lat_gcj02,lng_gcj02,official_url,osm_type,osm_id,wikidata_qid,source_count,confidence_score,needs_review,review_reason
hotel_f75b97a8da3240f0,hyatt,Alila,Alila,Alila,,待确认,,,31.2292009,121.4577925,31.227298275709792,121.46236350839732,,node,12540989054,,1,0.83,true,"missing_official_url,missing_city_region"
hotel_8718157e384a6d3b,hyatt,Andaz,南京河西安达仕酒店,南京河西安达仕酒店,,待确认,,,31.9951609,118.7156131,31.993115955833787,118.72080620384781,,node,11656778569,,1,0.83,true,"missing_official_url,missing_city_region"
hotel_0aa3382c55f6c701,hyatt,Andaz,Andaz,Andaz,,待确认,,,24.4743917,118.1051386,24.471746453579083,118.11010856672506,,node,13734656001,,1,0.83,true,"missing_official_url,missing_city_region"
hotel_4bfa1a41995304ef,hyatt,Grand Hyatt,成都群光君悦酒店,成都群光君悦酒店,四川省,成都市,锦江区,四川省成都市锦江区春熙路南段8,30.656196,104.0741107,30.65378433561828,104.07663199618528,https://www.hyatt.com/zh-CN/hotel/china/grand-hyatt-chengdu/ctugh,node,12125884018,,1,0.91,false,
hotel_117b36c39fdbcd87,hyatt,Grand Hyatt,大连君悦酒店,大连君悦酒店,,待确认,,,38.8776193,121.5795283,38.87837630621918,121.58447687445556,,way,423083194,,1,0.83,true,"missing_official_url,missing_city_region"
hotel_a195530afbfbbc8b,hyatt,Grand Hyatt,富力君悦大酒店,富力君悦大酒店,,待确认,,,23.1248079,113.3180462,23.122201346227605,113.32345544506612,https://guangzhou.grand.hyatt.com/zh-Hans/hotel/home.html,way,299812753,,1,0.91,false,missing_city_region
hotel_c3ea89a46c4bae02,hyatt,Grand Hyatt,合肥君悦酒店,合肥君悦酒店,,待确认,,,31.8020137,117.2262228,31.80001860070474,117.23170391022437,,node,7249760469,,1,0.83,true,"missing_official_url,missing_city_region"
hotel_e3bc9e7e3db52aff,hyatt,Grand Hyatt,三亚海棠湾君悦酒店,三亚海棠湾君悦酒店,,待确认,,,18.3459199,109.7357849,18.344217770394973,109.73994109323685,,way,524255113,,1,0.83,true,"missing_official_url,missing_city_region"
hotel_87822a087729906f,hyatt,Grand Hyatt,长沙君悦酒店,长沙君悦酒店,,待确认,,,28.1925964,112.9656761,28.18914658152368,112.97119595424552,,node,12669362201,,1,0.83,true,"missing_official_url,missing_city_region"
hotel_9d11658d54147b86,hyatt,Grand Hyatt,中天凯悦酒店,中天凯悦酒店,,待确认,,,26.6445963,106.6388818,26.64093901355239,106.64246866581642,,way,671094666,,1,0.83,true,"missing_official_url,missing_city_region"
hotel_ccea423d88452fd3,hyatt,Grand Hyatt,Grand Hyatt,Grand Hyatt,,待确认,,,41.7755505,123.4279171,41.77798166332351,123.43405290869997,,node,2246482587,,1,0.83,true,"missing_official_url,missing_city_region"
hotel_06cb75227648c8c7,hyatt,Grand Hyatt,Grand Hyatt Changsha,,,待确认,,,28.194533,112.976851,28.191113237207926,112.98240844306468,,,,Q111405080,1,0.85,true,"missing_official_url,missing_city_region"
hotel_463806c05dd841ac,hyatt,Grand Hyatt,Grand Hyatt Hefei,,,待确认,,,31.805831,117.236895,31.803828125941735,117.2423725886569,,,,Q111405276,1,0.85,true,"missing_official_url,missing_city_region"
hotel_d6996e862a437fb2,hyatt,Grand Hyatt,Grand Hyatt Xi'an,,,待确认,,,34.198009,108.887115,34.19636673409142,108.8916929568555,,,,Q111404920,1,0.85,true,"missing_official_url,missing_city_region"
hotel_9e7ef70f2f432b4d,hyatt,Grand Hyatt,北京东方君悦大酒店,北京东方君悦大酒店,,东城区,,东城区,39.9084504,116.4084428,39.90985368142604,116.41468519924155,https://beijing.grand.hyatt.com/,node,3071751947,Q1812590,2,0.93,true,"missing_official_url,missing_city_region"
hotel_295a82592b1aac92,hyatt,Grand Hyatt,杭州君悦酒店,杭州君悦酒店,浙江省,杭州市,上城区,浙江省杭州市上城区湖滨路28,30.257015,120.1568085,30.25468162321133,120.16149659716514,,node,34111079,,2,0.83,true,"missing_official_url,missing_city_region; missing_official_url"
hotel_2c12e5907b424ce8,hyatt,Grand Hyatt,金茂君悦大酒店,金茂君悦大酒店,,陆家嘴街道,,陆家嘴街道,31.23722222,121.50138889,31.23520231823208,121.50581568812973,http://shanghai.grand.hyatt.com/,,,Q5594663,1,0.93,false,
hotel_26fd8d07deb8d64f,hyatt,Grand Hyatt,君悦酒店(迈科中心店),君悦酒店(迈科中心店),陕西省,西安市,雁塔区,陕西省西安市雁塔区锦业路12,34.1940647,108.8760114,34.192430180421134,108.88059333113223,,way,985455592,,1,0.83,true,missing_official_url
hotel_bb9a046efe9a5f7b,hyatt,Grand Hyatt,上海外滩茂悦大酒店,上海外滩茂悦大酒店,,Shanghai,,Shanghai黄浦路199,31.2472817,121.4886096,31.245304564588874,121.49308315848006,http://shanghai.bund.hyatt.com/,way,189037696,,1,0.91,false,
hotel_6ec09ebd9584446a,hyatt,Hyatt Centric,宁波湖畔凯悦尚萃酒店,宁波湖畔凯悦尚萃酒店,,待确认,,,29.9273366,121.6230579,29.92471963709571,121.62716377658656,,node,12946946320,,1,0.83,true,"missing_official_url,missing_city_region"
hotel_b95d46801ff259db,hyatt,Hyatt House,上海虹桥商务区凯悦嘉寓酒店,上海虹桥商务区凯悦嘉寓酒店,,待确认,,,31.19264,121.3118981,31.190664275960938,121.3164015486188,,way,704513853,,1,0.83,true,"missing_official_url,missing_city_region"
hotel_0861049f5ec9d0d3,hyatt,Hyatt House,Hyatt House Shanghai New Hongqiao,Hyatt House Shanghai New Hongqiao,,待确认,,,31.1545571,121.2279265,31.15250585546691,121.2323535183089,,node,13282941601,,1,0.83,true,"missing_official_url,missing_city_region"
hotel_1ab940534a75a5ba,hyatt,Hyatt House,Hyatt House Yinchuan Dayuecheng,,,待确认,,,38.520702,106.261895,38.52116370371014,106.26630020698788,,,,Q111404631,1,0.85,true,"missing_official_url,missing_city_region"
hotel_175f32a3a9dc7279,hyatt,Hyatt House,深圳机场凯悦嘉寓酒店,深圳机场凯悦嘉寓酒店,广东省,深圳市,宝安区,广东省深圳市宝安区空港八道2-1,22.6263538,113.8105183,22.623433707946063,113.81558327276966,https://www.hyatt.com/en-US/hotel/china/hyatt-house-shenzhen-airport/szxxa,node,7287829072,,1,0.91,false,
hotel_395184617b770848,hyatt,Hyatt Place,北京世园凯悦嘉轩酒店,北京世园凯悦嘉轩酒店,,待确认,,,40.4418665,115.9581752,40.44304325902135,115.96424062674241,,node,11423804669,,1,0.83,true,"missing_official_url,missing_city_region"
hotel_4a4518c71d9c82a2,hyatt,Hyatt Place,杭州萧山国际机场凯悦嘉轩酒店,杭州萧山国际机场凯悦嘉轩酒店,,待确认,,,30.236063,120.4291212,30.233778124040114,120.4336764074418,,way,1165769212,,1,0.83,true,"missing_official_url,missing_city_region"
hotel_eed885d5acf5f37f,hyatt,Hyatt Place,景德镇陶溪川凯悦酒店,景德镇陶溪川凯悦酒店,,待确认,,,29.3003077,117.2332302,29.297609991744654,117.23848652382921,,node,13728246123,,1,0.83,true,"missing_official_url,missing_city_region"
hotel_ef19b83822e8b47e,hyatt,Hyatt Place,景德镇陶溪川凯悦酒店,景德镇陶溪川凯悦酒店,,待确认,,,29.3005102,117.2340437,29.29781214042202,117.23929981687495,,relation,20443977,,1,0.83,true,"missing_official_url,missing_city_region"
hotel_d3f90b432772696b,hyatt,Hyatt Place,凯悦嘉轩酒店,凯悦嘉轩酒店,,待确认,,,22.7833688,108.4600689,22.780623820537183,108.46408702643936,,node,11139000075,,1,0.83,true,"missing_official_url,missing_city_region"
hotel_245cfbfa49618e50,hyatt,Hyatt Place,凯悦嘉轩酒店,凯悦嘉轩酒店,,待确认,,,18.2757541,109.5085593,18.27405101488549,109.51265421810928,,node,6982569186,,1,0.83,true,"missing_official_url,missing_city_region"
hotel_3f4082ac08ed0b7e,hyatt,Hyatt Place,凯悦嘉轩酒店,凯悦嘉轩酒店,,待确认,,,30.0552872,120.4802506,30.052887264668435,120.48464074180056,,way,1245525593,,1,0.83,true,"missing_official_url,missing_city_region"
hotel_49b1a3b5da5c0fda,hyatt,Hyatt Place,上海虹桥商务区凯悦嘉轩酒店,上海虹桥商务区凯悦嘉轩酒店,,待确认,,,31.1921599,121.3119247,31.190183986721415,121.31642816537448,,way,704513852,,1,0.83,true,"missing_official_url,missing_city_region"
hotel_31a522b6c88501d2,hyatt,Hyatt Place,珠海金石凯悦嘉轩酒店,珠海金石凯悦嘉轩酒店,,待确认,,,22.238167,113.5028636,22.23532725421601,113.50810213548169,,way,1241226602,,1,0.83,true,"missing_official_url,missing_city_region"
hotel_2a7189da5ed6c188,hyatt,Hyatt Place,Hyatt Place Changsha Meixihu,,,待确认,,,28.196816,112.875255,28.1932927928055,112.88066428160442,,,,Q111405057,1,0.85,true,"missing_official_url,missing_city_region"
hotel_b261ee6a6d11ad11,hyatt,Hyatt Place,Hyatt Place Foshan Lishui,,,待确认,,里水大道南28 Avenue South,23.1646676,113.1491367,23.16213619463019,113.15459450029033,http://hyattplace.foshan@hyatt.com,node,7127131786,,1,0.91,false,missing_city_region
hotel_3475ebc9828ee9db,hyatt,Hyatt Place,Hyatt Place Shanghai Tianshan Plaza,,,待确认,,,31.2106739,121.4038227,31.208829401096622,121.40847233765604,,node,7123565119,,1,0.83,true,"missing_official_url,missing_city_region"
hotel_d8933de3922e8182,hyatt,Hyatt Place,Hyatt Place Taiyuan Longcheng,,,待确认,,,37.770278,112.591666,37.77076625535536,112.59789498177712,,,,Q111404553,1,0.85,true,"missing_official_url,missing_city_region"
hotel_b8af77b891c7dffa,hyatt,Hyatt Place,德清凯悦嘉轩酒店,德清凯悦嘉轩酒店,浙江省,湖州市,德清县,浙江省湖州市德清县千秋东街1888,30.5439431,120.0124236,30.54158193070403,120.01716176144609,https://www.hyatt.com/hyatt-place/zh-CN/hghzm-hyatt-place-deqing,node,12985188021,,1,0.91,false,
hotel_70fb7eb87ec0e8e1,hyatt,Hyatt Place,深圳机场凯悦嘉轩酒店,深圳机场凯悦嘉轩酒店,广东省,深圳市,宝安区,广东省深圳市宝安区空港八道2-1,22.6263517,113.8109351,22.623430866649738,113.81599900586457,https://www.hyatt.com/en-US/hotel/china/hyatt-place-shenzhen-airport/szxza,node,7287829073,,1,0.91,false,
hotel_1aeb7e210dac4b7a,hyatt,Hyatt Regency,杭州萧山国际机场凯悦酒店,杭州萧山国际机场凯悦酒店,,待确认,,,30.236848,120.4285262,30.23456388373885,120.43308258956267,,way,1165769211,,1,0.83,true,"missing_official_url,missing_city_region"
hotel_5f749ad3ba7dd9ea,hyatt,Hyatt Regency,横琴凯悦酒店,横琴凯悦酒店,,待确认,,,22.1275367,113.5122359,22.124709020374052,113.51743468607,,way,1347272015,,1,0.83,true,"missing_official_url,missing_city_region"
hotel_60d3f93c09512690,hyatt,Hyatt Regency,兰州凯悦酒店,兰州凯悦酒店,,待确认,城关区,城关区南宾河东路501,36.0624686,103.8395327,36.062131935297124,103.84192499438593,,node,7996932506,,1,0.83,true,"missing_official_url,missing_city_region"
hotel_43a9b7d72d622bcb,hyatt,Hyatt Regency,上海五角场凯悦酒店 Hyatt Regency,上海五角场凯悦酒店,,待确认,,国定东路88,31.3024915,121.5147774,31.300459450139243,121.51916171733711,,way,441927389,,1,0.83,true,"missing_official_url,missing_city_region"
hotel_ae00a17a77bbc1d9,hyatt,Hyatt Regency,Grand Hyatt,Grand Hyatt,,待确认,,Donghai East RoadNo. 88,36.088074,120.4573169,36.08829782475329,120.46233950669442,https://qingdao.regency.hyatt.com/,node,4826745929,,1,0.91,false,missing_city_region
hotel_c7b138437c50cbb2,hyatt,Hyatt Regency,Hyatt Regency,,,待确认,,,30.3236871,121.2063374,30.32128727436462,121.21072089886479,,node,8594922517,,1,0.83,true,"missing_official_url,missing_city_region"
hotel_ccc24712f5337c9f,hyatt,Hyatt Regency,Hyatt Regency Lanzhou,,,待确认,,,36.068151,103.848101,36.067800288152526,103.850476455953,,,,Q111404177,1,0.85,true,"missing_official_url,missing_city_region"
hotel_efb519ab5a2ed7dc,hyatt,Hyatt Regency,Hyatt Regency Shanghai Jiading,,,待确认,,,31.357945,121.269926,31.355980878496972,121.2743736322916,,,,Q111404259,1,0.85,true,"missing_official_url,missing_city_region"
hotel_f50efdd6cd62acab,hyatt,Hyatt Regency,Hyatt Regency Wanjing,Hyatt Regency Wanjing,,待确认,,,39.9902153,116.4698914,39.99152645063562,116.47601894004158,,node,7622324209,,1,0.83,true,"missing_official_url,missing_city_region"
hotel_c2aa2b7ba24fb322,hyatt,Hyatt Regency,Hyatt Regency Zhuzhou,,,待确认,,,27.8,113.115833,27.79688225661056,113.12167672337259,,,,Q111405228,1,0.85,true,"missing_official_url,missing_city_region"
hotel_05f124ddda70e85d,hyatt,Hyatt Regency,深圳机场凯悦酒店,深圳机场凯悦酒店,广东省,深圳市,宝安区,广东省深圳市宝安区,22.6249682,113.8072529,22.62205358819127,113.81232604426823,https://www.hyatt.com/en-US/hotel/china/hyatt-regency-shenzhen-airport/szxra,way,479727178,,1,0.91,false,
hotel_0571fa9fa8b9812d,hyatt,Hyatt Regency,长春凯悦酒店,长春凯悦酒店,吉林省,长春市,朝阳区,吉林省长春市朝阳区人民大街3233,43.877339,125.3176251,43.87974580848264,125.32412494851869,https://www.hyatt.com/hyatt-regency/zh-CN/cgqhr-hyatt-regency-changchun,node,13789093296,,1,0.91,false,
hotel_17bd0a594d31c1df,hyatt,Hyatt Regency,凯悦酒店,凯悦酒店,,"China, Shang Hai Shi, Songjiang District",,"China, Shang Hai Shi, Songjiang District",31.0573803,121.2430959,31.05526750401359,121.2475072301181,,way,1238932579,,1,0.83,true,missing_official_url
hotel_95723dac749bfcd0,hyatt,Park Hyatt,宁波柏悦酒店,宁波柏悦酒店,,待确认,,,29.7699634,121.6379275,29.767352729590826,121.6420387472866,https://www.hyatt.com/park-hyatt/zh-CN/ninph-park-hyatt-ningbo-resort-and-spa,way,930447269,,1,0.91,false,missing_city_region
hotel_69ae11cd4540d96c,hyatt,Park Hyatt,Park Hyatt Bejing Hotel,,,待确认,,,39.9062681,116.4535128,39.907615178050044,116.45968055566776,,node,10983596006,,1,0.83,true,"missing_official_url,missing_city_region"
hotel_75588db54773d6ff,hyatt,Park Hyatt,Park Hyatt Boutique Hotel,,,待确认,,,41.7035586,82.9652701,41.704741897166855,82.96812704817525,,node,4432077289,,1,0.83,true,"missing_official_url,missing_city_region"
hotel_75ac71101c9528a8,hyatt,Park Hyatt,Park Hyatt Hangzhou,,,待确认,,,30.26003,120.22159,30.257590256641283,120.22610303033845,,,,Q111406221,1,0.85,true,"missing_official_url,missing_city_region"
hotel_aec8bbcad238c06e,hyatt,Park Hyatt,Park Hyatt Sanya Sunny Bay Resort,,,待确认,,,,,,,,,,Q116768272,1,0.75,true,"missing_coordinates,missing_official_url,missing_city_region"
hotel_a0ec4402da53efa7,hyatt,Park Hyatt,Park Hyatt Suzhou,苏州柏悦酒店,,待确认,,,31.3154988,120.7148418,31.313481466611677,120.71918467310192,,way,522477898,,1,0.83,true,"missing_official_url,missing_city_region"
hotel_948e55be3b98eb5a,hyatt,Park Hyatt,北京柏悦酒店,北京柏悦酒店,,建外街道,,建外街道,39.906097222,116.453080555,39.90744521806172,116.45924948921012,https://beijing.park.hyatt.com/,,,Q18651854,1,0.93,false,
hotel_8f5f8ad7118eb2cf,hyatt,Park Hyatt,三亚太阳湾柏悦酒店,三亚太阳湾柏悦酒店,,Sanya,,SanyaSunny Bay Road5,18.1906818,109.6061302,18.18885124812622,109.6100765968124,https://www.hyatt.com/en-US/hotel/china/park-hyatt-sanya/sanph,node,5261300784,,1,0.91,false,
hotel_565840ed2eb4184d,hyatt,The Unbound Collection by Hyatt,重庆丽思瑞凯悦臻选酒店,重庆丽思瑞凯悦臻选酒店,,待确认,,,29.565162,106.584354,29.562271130143696,106.58803988546643,,,,Q111404658,1,0.85,true,"missing_official_url,missing_city_region"
hotel_eda0f29edd7df7d9,hyatt,The Unbound Collection by Hyatt,金茂凯悦臻选酒店，丽江,金茂凯悦臻选酒店，丽江,,待确认,,,26.919418,100.225704,26.915885536750405,100.22683921214723,,,,Q111404852,1,0.85,true,"missing_official_url,missing_city_region"
hotel_bfc185511b1ba4cb,hyatt,The Unbound Collection by Hyatt,瑯珀·凯悦臻选酒店,瑯珀·凯悦臻选酒店,,待确认,,,30.654336,104.089751,30.651934951095836,104.09228878840038,,,,Q111404237,1,0.85,true,"missing_official_url,missing_city_region"
hotel_1a303d9f1a7128a7,hyatt,The Unbound Collection by Hyatt,丽江金茂凯悦臻选酒店,丽江金茂凯悦臻选酒,,待确认,,,26.9162856,100.2183027,26.912759844286665,100.21944603405325,,way,995094082,,1,0.83,true,"missing_official_url,missing_city_region"
hotel_886aec5009f10091,hyatt,UrCove by Hyatt,北京天安门逸扉酒店,北京天安门逸扉酒店,,待确认,,"Hualong Street, Nanheyan Street, Dongchegn District, 100006, Beijing, China",39.9084422,116.4008845,39.90984618432086,116.40712839324814,https://beijing-forbidden-city.urcovehyatt.cn/en,node,12761525959,,1,0.91,false,missing_city_region
hotel_a85639ff9216fdbf,hyatt,UrCove by Hyatt,南京南站逸扉酒店,南京南站逸扉酒店,,待确认,,,31.9678703,118.7965589,31.965816215324267,118.801734536047,,node,9952357468,,1,0.83,true,"missing_official_url,missing_city_region"
hotel_17ecd05d5602d147,hyatt,UrCove by Hyatt,逸扉酒店,逸扉酒店,,待确认,,,30.8501709,120.930864,30.84776451096294,120.93501175722756,,node,12495814883,,1,0.83,true,"missing_official_url,missing_city_region"
hotel_7b03a51d7c8017ff,hyatt,UrCove by Hyatt,UrCove by HYATT Shanghai Lujiazui Expo,,,待确认,,"浦东南路No, 2266",31.2060784,121.5089731,31.20402115352205,121.51336991672483,,node,11828515702,,2,0.83,true,"missing_official_url,missing_city_region"
hotel_ffb5a0b59bf3fb22,hyatt,UrCove by Hyatt,UrCove Nanjing Downtown,UrCove Nanjing Downtown,,待确认,,South Zhongshan Road187,32.0366824,118.7794121,32.034634559346905,118.78461894487575,,node,11259030964,,1,0.83,true,"missing_official_url,missing_city_region"
hotel_799cd90d3cb5b220,hyatt,UrCove by Hyatt,东莞凤岗众恒隆逸扉酒店,东莞凤岗众恒隆逸扉酒店,广东省,东莞市,凤岗镇,广东省东莞市凤岗镇联兴路30,22.7250983,114.1292203,22.722430371020792,114.13431253264277,,way,1459140929,,1,0.83,true,missing_official_url
hotel_4e8a8c135aeba9f2,hyatt,UrCove by Hyatt,逸扉酒店,逸扉酒店,广东省,广州市,海珠区,广东省广州市海珠区新港东路148,23.1005559,113.3373682,23.09797606918252,113.34281532224891,https://www.urcove-hotels.com,node,12109681267,,1,0.91,false,
hotel_d2b099902c00a9cd,marriott,Aloft Hotels,广州大学城雅乐轩酒店,广州大学城雅乐轩酒店,,待确认,,66,23.0421518,113.4004348,23.039621181300976,113.40595386477119,,relation,19238143,,1,0.83,true,"missing_official_url,missing_city_region"
hotel_aaf7be2de2d76eed,marriott,Aloft Hotels,上海张江海科雅乐轩酒店,上海张江海科雅乐轩酒店,,待确认,,,31.182476,121.5932178,31.180250729672654,121.59741661645415,,way,832289365,,1,0.83,true,"missing_official_url,missing_city_region"
hotel_5e4dafbe26a048f8,marriott,Aloft Hotels,雅乐轩酒店,雅乐轩酒店,,待确认,,,40.3795048,116.6839489,40.380720455329765,116.68996958109832,,node,11915638671,,1,0.83,true,"missing_official_url,missing_city_region"
hotel_bc7db07c8092fa2f,marriott,Aloft Hotels,Aloft Zhengzhou Shangjie,Aloft Zhengzhou Shangjie,,待确认,,,34.802595,113.3037538,34.80168295201146,113.31013861744002,,node,11957709488,,1,0.83,true,"missing_official_url,missing_city_region"
hotel_9c56245851e96734,marriott,Aloft Hotels,佛山南海雅乐轩酒店（博爱中路店）,佛山南海雅乐轩酒店（博爱中路店）,广东省,佛山市,南海区,广东省佛山市南海区博爱中路59,23.1234749,113.0046475,23.120804114863642,113.00993351195582,,way,182486155,,1,0.83,true,missing_official_url
hotel_0ef7540ff8420538,marriott,Aloft Hotels,大运城邦雅乐轩酒店,大运城邦雅乐轩酒店,广东省,深圳市,龙岗区,广东省深圳市龙岗区清林路,22.7203349,114.2031034,22.7175395700295,114.20800895593104,,node,9416854391,,1,0.83,true,missing_official_url
hotel_40d8ae5187c1419f,marriott,Autograph Collection,南京郡懋傲途格酒店,南京郡懋傲途格酒店,,待确认,,,32.0722973,118.9998132,32.07026040815398,119.00506580603071,,node,8641988146,,1,0.83,true,"missing_official_url,missing_city_region"
hotel_754632dd8d6bfd48,marriott,Autograph Collection,三亚山海天大酒店,三亚山海天大酒店,Hainan,Sanya,,HainanSanyaHaiyun Road77,18.2192059,109.5091336,18.217520910364982,109.51322423564466,https://www.marriott.com/en-us/hotels/syxak-the-shanhaitian-resort-sanya-autograph-collection/overview/,node,7681218278,,1,0.91,false,
hotel_5774a2b46fc9de76,marriott,Bvlgari Hotels & Resorts,北京宝格丽酒店,北京宝格丽酒店,,待确认,,,39.9464674,116.4515654,39.947820255185455,116.45774358989054,https://www.bulgarihotels.com/zh_CN/beijing,node,9230194216,,1,0.91,false,missing_city_region
hotel_10b7654b3c28326b,marriott,Bvlgari Hotels & Resorts,Bulgari,Bulgari,,待确认,,,31.217022,121.453586,31.215123057825924,121.4581671771359,,node,12565509360,,1,0.83,true,"missing_official_url,missing_city_region"
hotel_f1d92592171a42b1,marriott,Courtyard by Marriott,成都天投万怡酒店,成都天投万怡酒店,四川省,成都市,天府新区,四川省成都市天府新区博览城路288,30.4211352,104.0737871,30.41864708866042,104.07629719089775,https://www.marriott.com.cn/hotels/ctucs-courtyard-chengdu-south,node,11992403685,,1,0.84,true,"generic_brand_match,weak_brand_alias"
hotel_5093d634d7767519,marriott,Courtyard by Marriott,广交会万怡酒店,广交会万怡酒店,,待确认,,,23.0989451,113.3562474,23.096397839812074,113.36172974386639,,way,1443637981,,1,0.83,true,"missing_official_url,missing_city_region"
hotel_93b5855b072f6922,marriott,Courtyard by Marriott,杭州钱江新城万怡酒店,杭州钱江新城万怡酒店,,待确认,,,30.242829,120.2019286,30.24041330446838,120.20648506000553,,node,10773432105,,1,0.83,true,"missing_official_url,missing_city_region"
hotel_1b371f4feee71473,marriott,Courtyard by Marriott,秦皇岛和信基业万怡酒店,秦皇岛和信基业万怡酒店,,待确认,,36,39.8981497,119.4367072,39.899595336796196,119.44299898571818,https://www.marriott.com/en-us/hotels/shpcy-courtyard-qinhuangdao-west/overview/,node,12582140101,,1,0.91,false,missing_city_region
hotel_f2dc19effa931d9b,marriott,Courtyard by Marriott,上海圣淘沙万怡酒店,上海圣淘沙万怡酒店,,待确认,,,30.9127987,121.4517723,30.91073374345147,121.45633192198703,,way,1165378859,,1,0.83,true,"missing_official_url,missing_city_region"
hotel_a6e6bddcd7c6b870,marriott,Courtyard by Marriott,顺德联塑万怡酒店,顺德联塑万怡酒店,,待确认,,,22.8748842,113.0726177,22.87226604751599,113.07807559029283,,node,7081545823,,1,0.83,true,"missing_official_url,missing_city_region"
hotel_f8e8e544f1f153e6,marriott,Courtyard by Marriott,泰州万怡酒店,泰州万怡酒店,,待确认,,江苏省泰州市三新路788号,32.3927671,119.9089621,32.39052873809073,119.91369477676257,https://www.marriott.com/hotels/travel/ytycy-courtyard-jiangsu-taizhou/,node,6834265687,,1,0.91,false,missing_city_region
hotel_5b540fc4b5547f9a,marriott,Courtyard by Marriott,天津陆家嘴万怡酒店,天津陆家嘴万怡酒店,,待确认,,,39.14652,117.168213,39.14762202392962,117.17457685963137,,way,1303651821,,1,0.83,true,"missing_official_url,missing_city_region"
hotel_6f7b04d69f3d2ba1,marriott,Courtyard by Marriott,万豪酒店,万豪酒店,,待确认,,虹桥路100,31.1939981,121.4300069,31.192128471945466,121.43463446954036,https://www.marriott.com/hotels/travel/shasx-courtyard-shanghai-xujiahui/,node,4409294897,,1,0.84,true,"generic_brand_match,weak_brand_alias,missing_city_region"
hotel_7e43dcb31281d38b,marriott,Courtyard by Marriott,万怡酒店,万怡酒店,,待确认,,,30.3321273,120.0338383,30.329775176635206,120.03860851607593,,node,12890538903,,1,0.83,true,"missing_official_url,missing_city_region"
hotel_1a42adcf47f58084,marriott,Courtyard by Marriott,万怡酒店,万怡酒店,,待确认,,,31.3190004,120.6671401,31.316902946369154,120.67139420932794,,way,461664713,,1,0.83,true,"missing_official_url,missing_city_region"
hotel_e3d6ef891ac9f779,marriott,Courtyard by Marriott,宜宾产城竹颂万怡酒店,宜宾产城竹颂万怡酒店,,待确认,,,28.7318606,104.6253183,28.728395117914474,104.62765661448009,,node,13590657383,,1,0.83,true,"missing_official_url,missing_city_region"
hotel_dfeb8dc87a83dada,marriott,Courtyard by Marriott,Courtyard by Marriott,,,待确认,,,32.3929079,119.9087591,32.390669482607215,119.91349189597919,,node,6851547793,,1,0.83,true,"missing_official_url,missing_city_region"
hotel_792149ab9d7a43cb,marriott,Courtyard by Marriott,Courtyard by Marriott Beijing Northeast,Courtyard by Marriott Beijing Northeast,,待确认,,101,39.9773851,116.4692735,39.978697344300706,116.47540150604539,,way,128977563,,1,0.83,true,"missing_official_url,missing_city_region"
hotel_3d755cfff8fe15cd,marriott,Courtyard by Marriott,Courtyard by Marriott Hangzhou West,,,待确认,,,30.286883,120.081693,30.28460823122994,120.08651248469467,,,,Q111406105,1,0.85,true,"missing_official_url,missing_city_region"
hotel_d05e61639878b1da,marriott,Courtyard by Marriott,Courtyard by Marriott Hangzhou Wulin,,,待确认,,,30.280094876,120.163706152,30.27775101026404,120.16837588188224,,,,Q111406169,1,0.85,true,"missing_official_url,missing_city_region"
hotel_182faadfc7aac496,marriott,Courtyard by Marriott,Courtyard by Marriott Suzhou,,,待确认,,,31.323114,120.677859,31.32103854568714,120.68213572757683,,,,Q111406079,1,0.85,true,"missing_official_url,missing_city_region"
hotel_7216ab415909a16d,marriott,Courtyard by Marriott,Courtyard by Marriott Yinchuan,,,待确认,,,38.488608,106.23365,38.4890659903933,106.23804747706058,,,,Q111404210,1,0.85,true,"missing_official_url,missing_city_region"
hotel_fcb8fa97d2161276,marriott,Courtyard by Marriott,Courtyard by Marriott Zhengzhou Airport,,,待确认,,,34.562417,113.86753,34.56108249212727,113.87341678803232,,,,Q111404750,1,0.85,true,"missing_official_url,missing_city_region"
hotel_389366ed1f5f123e,marriott,Courtyard by Marriott,万怡精品酒店,万怡精品酒店,广东省,东莞市,,广东省东莞市宏图路,22.9882633,113.7195359,22.985509404619425,113.72472661623137,,way,1518055859,,1,0.83,true,missing_official_url
hotel_283fada9e562172a,marriott,Courtyard by Marriott,深圳联投东方万怡酒店,深圳联投东方万怡酒店,广东省,深圳市,宝安区,广东省深圳市宝安区东方大道46,22.7636917,113.8517782,22.760730331592697,113.85674313868817,,way,1448539931,,1,0.83,true,missing_official_url
hotel_b5a813f39c0a71c9,marriott,Courtyard by Marriott,西安蓝海风万怡酒店,西安蓝海风万怡酒店,陕西,西安,未央区,陕西西安未央区凤城二路37,34.3200052,108.9289411,34.318423617212176,108.93356917256459,,node,8976595297,,1,0.83,true,missing_official_url
hotel_1e4e82a73ae4c8c1,marriott,Delta Hotels,Delta Hotels,,Yunnan,Kunming,,YunnanKunmingLonghui Road206,24.9717425,102.7903498,24.968758555291792,102.79182541258479,,node,7681149162,,1,0.83,true,missing_official_url
hotel_6c5284cc329023fe,marriott,Delta Hotels,Delta Hotels Shanghai Baoshan,,Shanghai,Shanghai,Baoshan,ShanghaiShanghaiBaoshanHaijiang Road888,31.3937843,121.4791683,31.39188857058819,121.48368722906885,,node,7681341402,,1,0.83,true,missing_official_url
hotel_df4048dac1cf417b,marriott,EDITION,艾迪逊酒店,艾迪逊酒店,,待确认,,,31.2396123,121.4814065,31.237652691745662,121.4859045407029,,node,11195661228,,1,0.83,true,"missing_official_url,missing_city_region"
hotel_5efaf8c370c5aafc,marriott,EDITION,The Shanghai Edition,,,待确认,,,31.24347,121.492503,31.2414795934334,121.49696236307005,,,,Q111404360,1,0.85,true,"missing_official_url,missing_city_region"
hotel_078c145e64e1de16,marriott,Element by Westin,苏州科技城源宿酒店,苏州科技城源宿酒店,,待确认,,,31.3457489,120.4097895,31.343944191256227,120.41446620269522,,node,3610205969,,1,0.83,true,"missing_official_url,missing_city_region"
hotel_f6206ed3889df99f,marriott,Fairfield by Marriott,成都高新万枫酒店,成都高新万枫酒店,四川省,成都市,高新区,四川省成都市高新区吉龙路888,30.5431802,104.0847762,30.540734210274405,104.08730497840973,https://www.marriott.com.cn/hotels/ctufh-fairfield-chengdu-hi-tech-zone,node,11992403682,,1,0.91,false,
hotel_2fb2b90e64281e5e,marriott,Fairfield by Marriott,丹阳万枫酒店,丹阳万枫酒店,,待确认,,,31.9962211,119.5700962,31.994043024627704,119.57506222510101,,way,1460692870,,1,0.83,true,"missing_official_url,missing_city_region"
hotel_31bd734f857b2055,marriott,Fairfield by Marriott,广州空港万豪万枫,广州空港万豪万枫,,待确认,,,23.3716039,113.2881826,23.36902554380993,113.29355457437238,,way,1416296937,,1,0.83,true,"missing_official_url,missing_city_region"
hotel_2ac0ebcda3f67d57,marriott,Fairfield by Marriott,金坛万枫酒店,金坛万枫酒店,,待确认,,,31.7201661,119.5859252,31.718025855764893,119.5908412835783,,node,11083915528,,1,0.83,true,"missing_official_url,missing_city_region"
hotel_df059e47dc49afe5,marriott,Fairfield by Marriott,上海浦东茂业万枫酒店,上海浦东茂业万枫酒店,,待确认,,,31.1848609,121.550073,31.182686237802905,121.55433760767973,,node,11461755849,,1,0.83,true,"missing_official_url,missing_city_region"
hotel_a05a58f359b5004e,marriott,Fairfield by Marriott,上海浦东中心万枫酒店,上海浦东中心万枫酒店,,待确认,,,31.2178253,121.5288432,31.215717107434934,121.53317250905201,,way,1429506852,,1,0.83,true,"missing_official_url,missing_city_region"
hotel_353f77b575bc609a,marriott,Fairfield by Marriott,万枫酒店,万枫酒店,,待确认,,,23.1335575,113.36426,23.13103643125406,113.3697573516091,,node,7171829678,,1,0.83,true,"missing_official_url,missing_city_region"
hotel_b4666a07ae3e69b1,marriott,Fairfield by Marriott,西安北站万枫酒店,西安北站万枫酒店,,待确认,,,34.3650665,108.9333234,34.36351287271554,108.93796481059442,,node,11715513969,,1,0.83,true,"missing_official_url,missing_city_region"
hotel_772206a6424116f3,marriott,Fairfield by Marriott,阳朔万枫酒店,阳朔万枫酒店,,待确认,,,24.7812642,110.4724589,24.778437792768504,110.47712415865178,,node,13149800957,,1,0.83,true,"missing_official_url,missing_city_region"
hotel_4b20601a1d8c1d12,marriott,Fairfield by Marriott,Fairfield by Mariott Shanghai Jingan,Fairfield by Mariott Shanghai Jingan,,待确认,,,31.2694828,121.4528746,31.267608990088153,121.45746214670743,,node,6807781952,,1,0.83,true,"missing_official_url,missing_city_region"
hotel_4a95ac84104270e2,marriott,Fairfield by Marriott,Fairfield by Marriott Harbin Downtown,Fairfield by Marriott Harbin Downtown,,待确认,,霁虹街32,45.7618208,126.6202777,45.763742135482964,126.6262061130652,,node,12139076702,,1,0.83,true,"missing_official_url,missing_city_region"
hotel_bcc3e7bd9e0fdd11,marriott,Fairfield by Marriott,Fairfield by Marriott Shanghai Jing'an,,,待确认,,,31.273671,121.464148,31.271772803489693,121.46870463316898,,,,Q111404334,1,0.85,true,"missing_official_url,missing_city_region"
hotel_3638f8a70b245a28,marriott,Fairfield by Marriott,Fairfield by Marriott Taizhou City Centre,,,待确认,,,32.48127,119.932147,32.47906209603017,119.93688965207737,,,,Q111405704,1,0.85,true,"missing_official_url,missing_city_region"
hotel_f4105a684dde9e4b,marriott,Fairfield by Marriott,Fairfield by Marriott Wuhan Wuchang,,,待确认,,,30.517516,114.351552,30.515165182205468,114.35706203893064,,,,Q111404939,1,0.85,true,"missing_official_url,missing_city_region"
hotel_dcee094e5c1eeb20,marriott,Fairfield by Marriott,Fairfield Inn,,,待确认,,,30.3189696,120.1437728,30.31666499691095,120.14850258851995,,node,13640138968,,1,0.83,true,"missing_official_url,missing_city_region"
hotel_9fc916a4aeed56e8,marriott,Fairfield by Marriott,深圳宝安万豪万枫酒店,深圳宝安万豪万枫酒店,广东省,深圳市,宝安区,广东省深圳市宝安区南环路162,22.7160374,113.8148702,22.713129713347037,113.81992971607403,,node,13275097607,,1,0.83,true,missing_official_url
hotel_f7691c6ce80ad7d9,marriott,Fairfield by Marriott,万枫酒店(西安北站店),万枫酒店(西安北站店),陕西,西安,未央区,陕西西安未央区文景路220,34.3648752,108.9334846,34.3633217006009,108.93812637062942,,node,8974070695,,1,0.83,true,missing_official_url
hotel_2e246f21416e6aa8,marriott,Fairfield by Marriott,千岛湖万枫酒店,千岛湖万枫酒店,Hangzhou,Qiandaohuzhen,Chun'an,HangzhouQiandaohuzhenChun'anYanguang Road619,29.6338492,119.0398758,29.631441358008537,119.04504454712954,,way,821903652,,1,0.83,true,missing_official_url
hotel_ef8acb8a5996c74d,marriott,Four Points by Sheraton,福朋喜来登酒店,福朋喜来登酒店,贵州省,毕节市,七星关区,贵州省毕节市七星关区东升路168号,27.3011298,105.299282,27.29777658112415,105.30254024662153,,node,8024185848,,1,0.83,true,missing_official_url
hotel_bb17d334cb0ccfbb,marriott,Four Points by Sheraton,成都安仁福朋喜来登酒店,成都安仁福朋喜来登酒店,四川省,成都市,大邑县,四川省成都市大邑县迎宾路二段198,30.5089606,103.6146955,30.506137225461814,103.61669888639082,https://www.marriott.com.cn/hotels/ctuaf-four-points-chengdu-anren,node,11992403688,,1,0.91,false,
hotel_6954fef6af30f2ba,marriott,Four Points by Sheraton,成都蒲江花样年福朋喜来登度假酒店,成都蒲江花样年福朋喜来登度假酒店,四川省,成都市,蒲江县,四川省成都市蒲江县顺城路88,30.1748392,103.5095384,30.17211703307149,103.51165922790686,https://www.marriott.com.cn/hotels/ctufp-four-points-chengdu-pujiang-resort,node,11992403689,,1,0.91,false,
hotel_550daca2e0908e57,marriott,Four Points by Sheraton,成都天府新区福朋喜来登酒店,成都天府新区福朋喜来登酒店,四川省,成都市,天府新区,四川省成都市天府新区隆祥西二街198,30.4357972,104.0790713,30.433317414478996,104.08158913336287,https://www.marriott.com.cn/hotels/ctuft-four-points-chengdu-tianfu-new-area,node,11992403684,,1,0.91,false,
hotel_b1b6e0ea769ec77c,marriott,Four Points by Sheraton,重庆九龙坡福朋喜来登,重庆九龙坡福朋喜来登,重庆市,重庆市,九龙坡区,重庆市九龙坡区石杨路20,29.5295488,106.4800713,29.52688352041999,106.48397724249268,,way,1498230819,,1,0.83,true,missing_official_url
hotel_64649f85683b1843,marriott,Four Points by Sheraton,大同平城福朋喜来登酒店,大同平城福朋喜来登酒店,,待确认,,,40.0881507,113.3129162,40.089373441832485,113.31996361149815,,way,1357732467,,1,0.83,true,"missing_official_url,missing_city_region"
hotel_5fe3654188ef9ae0,marriott,Four Points by Sheraton,福朋喜来登,福朋喜来登,,待确认,,,39.4562216,116.2843122,39.45738001171958,116.29030509937945,,node,4964181156,,1,0.83,true,"missing_official_url,missing_city_region"
hotel_1e5edaf53541475c,marriott,Four Points by Sheraton,福朋喜来登大酒店,福朋喜来登大酒店,,待确认,,,36.2098393,117.142989,36.210055746595906,117.14904347420972,,node,3787049762,,2,0.83,true,"missing_official_url,missing_city_region"
hotel_bbf1b1ea10dfbd24,marriott,Four Points by Sheraton,广州东圃福朋喜来登酒店,广州东圃福朋喜来登酒店,,待确认,,,23.1142466,113.4123873,23.11174410909871,113.41790749761516,,way,180356765,,1,0.83,true,"missing_official_url,missing_city_region"
hotel_2f34b5b7c69ecaac,marriott,Four Points by Sheraton,建业福朋喜来登酒店,建业福朋喜来登酒店,,待确认,,,33.6021417,114.0062181,33.60063140420788,114.01211677166631,,way,779848349,,1,0.83,true,"missing_official_url,missing_city_region"
hotel_076121170fcea0e3,marriott,Four Points by Sheraton,龙禧福朋喜来登酒店,龙禧福朋喜来登酒店,,待确认,,868,30.1821689,120.1444245,30.179851993945586,120.14914100888687,fourpoints.com/hangzhou,way,113467395,,1,0.91,false,missing_city_region
hotel_0103e2c20abaf4aa,marriott,Four Points by Sheraton,乌鲁木齐中建福朋喜来登酒店,乌鲁木齐中建福朋喜来登酒店,,待确认,,,43.8950872,87.6268684,43.896261008844384,87.62973463391398,,node,12913817301,,1,0.83,true,"missing_official_url,missing_city_region"
hotel_280fdf2087b0d4a9,marriott,Four Points by Sheraton,吴川鼎龙湾福朋喜来登酒店,吴川鼎龙湾福朋喜来登酒店,,待确认,,,21.402678,110.9004271,21.399954071523343,110.90489072238076,,node,11901207601,,1,0.83,true,"missing_official_url,missing_city_region"
hotel_a600f90f7bf66702,marriott,Four Points by Sheraton,武汉江夏联投福朋喜来登酒店,武汉江夏联投福朋喜来登酒店,,待确认,,,30.3751436,114.3137277,30.372687886700117,114.3191658265298,,node,11360317979,,1,0.83,true,"missing_official_url,missing_city_region"
hotel_88bf95d23e995b42,marriott,Four Points by Sheraton,西安钟楼福朋喜来登酒店,西安钟楼福朋喜来登酒店,,待确认,,西大街79,34.2616735,108.9360854,34.26007654372667,108.94072504843507,,node,13430491401,,1,0.83,true,"missing_official_url,missing_city_region"
hotel_06afcca48500b315,marriott,Four Points by Sheraton,喜来登酒店,喜来登酒店,,待确认,,,31.2757859,121.447327,31.273926058332464,121.45192862117695,,node,12373168401,,1,0.83,true,"missing_official_url,missing_city_region"
hotel_743eac2b57d12758,marriott,Four Points by Sheraton,喜来登酒店,喜来登酒店,,待确认,,,31.2623776,120.7180027,31.26034260239689,120.72234527796165,,node,6573683679,,1,0.83,true,"missing_official_url,missing_city_region"
hotel_a8c6e0754ef24a83,marriott,Four Points by Sheraton,Four Points by Sheraton,Four Points by Sheraton,,待确认,,,31.2116373,121.5126019,31.209571991970222,121.51698623583933,http://www.fourpoints.com,way,159787864,,1,0.91,false,missing_city_region
hotel_92d8df476e79de88,marriott,Four Points by Sheraton,"Four Points by Sheraton Chengdu, Anren",,,待确认,,,30.512272217,103.624179657,30.50945821956618,103.62619604449783,,,,Q111404475,1,0.85,true,"missing_official_url,missing_city_region"
hotel_1acf49b9673bcad7,marriott,Four Points by Sheraton,"Four Points by Sheraton Chengdu, Pujiang Resort",,,待确认,,,30.178796,103.518124,30.176048790258026,103.52021982050451,,,,Q111404498,1,0.85,true,"missing_official_url,missing_city_region"
hotel_34597be51ad2fe23,marriott,Four Points by Sheraton,"Four Points by Sheraton Guiyang, Huaxi",,,待确认,,,26.529957,106.707706,26.526435221361663,106.71146302532578,,,,Q111404861,1,0.85,true,"missing_official_url,missing_city_region"
hotel_1f4bc54890f2ce07,marriott,Four Points by Sheraton,"Four Points by Sheraton Hefei, Baohe",,,待确认,,,31.79155,117.333252,31.78965171010639,117.33888250757984,,,,Q111405303,1,0.85,true,"missing_official_url,missing_city_region"
hotel_a259fefc814aa1a6,marriott,Four Points by Sheraton,Four Points by Sheraton Jiaxing,,,待确认,,,30.762924,120.731456,30.760626576563148,120.73577085724258,,,,Q111406279,1,0.85,true,"missing_official_url,missing_city_region"
hotel_d4198b02a6c5f91b,marriott,Four Points by Sheraton,Four Points by Sheraton Luohe,,,待确认,,,33.606360736,114.018993119,33.60488990431205,114.02492714273583,,,,Q111404793,1,0.85,true,"missing_official_url,missing_city_region"
hotel_daf983eea64c64f3,marriott,Four Points by Sheraton,Four Points Sharaton,Four Points Sharaton,,待确认,,,36.295291,120.3938363,36.295632286200735,120.39899465299848,,way,699661163,,1,0.83,true,"missing_official_url,missing_city_region"
hotel_429f2a397727cd1a,marriott,Four Points by Sheraton,三亚福朋喜来登酒店,三亚福朋喜来登酒店,,三亚,,三亚三亚湾路78号,18.2630871,109.489325,18.2614462101814,109.49347472680923,https://www.starwoodhotels.com/,way,743812645,,1,0.91,false,
hotel_e805641bd351f3cd,marriott,JW Marriott,重庆JW万豪酒店,重庆JW万豪酒店,,待确认,,,29.5600176,106.5673455,29.557141501017327,106.57104099418406,,node,4139796990,,1,0.83,true,"missing_official_url,missing_city_region"
hotel_4efed3ea556360e2,marriott,JW Marriott,重庆JW万豪酒店,重庆JW万豪酒店,,待确认,,,29.563430738,106.577150839,29.560544714535826,106.58083898929132,,,,Q111404656,1,0.85,true,"missing_official_url,missing_city_region"
hotel_9ab5bc678d28775c,marriott,JW Marriott,三亚海棠湾JW万豪度假酒店,三亚海棠湾JW万豪度假酒店,,待确认,,,18.3497731,109.7375062,18.34807074393554,109.74166357386798,,way,524244748,,1,0.83,true,"missing_official_url,missing_city_region"
hotel_e859bc1d16f8f5da,marriott,JW Marriott,上海鲁能JW万豪侯爵酒店,上海鲁能JW万豪侯爵酒店,,待确认,,,31.2180961,121.509417,31.21604328313425,121.51381324256418,,way,732026539,,1,0.83,true,"missing_official_url,missing_city_region"
hotel_df4e7535047283f0,marriott,JW Marriott,上海新发展亚太JW万豪酒店,上海新发展亚太JW万豪酒店,,待确认,,,31.2232744,121.3914129,31.22143332789301,121.39606082913929,,way,397782710,,1,0.83,true,"missing_official_url,missing_city_region"
hotel_eff3c682ae23a473,marriott,JW Marriott,万豪酒店,北京JW 万豪酒店,,待确认,,,39.909382,116.4759518,39.91067354283379,116.48204817182038,,node,1668837050,,1,0.83,true,"missing_official_url,missing_city_region"
hotel_53161e3a8c3c8619,marriott,JW Marriott,万豪酒店,万豪酒店,,待确认,,,39.8939599,116.3688222,39.89534027239734,116.37503793119626,,node,4469791293,,1,0.83,true,"missing_official_url,missing_city_region"
hotel_8cfd2ce41fd6533f,marriott,JW Marriott,JW Marriott,JW Marriott,,待确认,,,30.2768433,120.1524547,30.274519438189305,120.15715698365004,,node,12919505707,,1,0.83,true,"missing_official_url,missing_city_region"
hotel_6226f00dbeff8afd,marriott,JW Marriott,JW Marriott Marquis Hotel Shanghai Pudong,,,待确认,,,31.222211,121.520482,31.220127916273395,121.52483966590738,,,,Q111404381,1,0.85,true,"missing_official_url,missing_city_region"
hotel_5f27ebd3d2735e22,marriott,JW Marriott,JW万豪酒店,JW万豪酒店,,待确认,,,45.7962823,126.522687,45.798298605017564,126.5287741054151,,node,7802576747,,1,0.83,true,"missing_official_url,missing_city_region"
hotel_7c08885900fa833d,marriott,JW Marriott,杭州JW万豪酒店,杭州JW万豪酒店,,杭州市,,杭州市,,,,,,,,Q133288995,1,0.75,true,"missing_coordinates,missing_official_url"
hotel_0d0add6acff41830,marriott,JW Marriott,上海明天广场JW万豪酒店,上海明天广场JW万豪酒店,,黃浦區,,黃浦區,31.2308,121.47,31.22886785164533,121.47453496927092,http://www.jwmarriottshanghai.com/,,,Q3792147,1,0.93,false,
hotel_67d2755d67c6f363,marriott,Le Meridien,福州艾美州际酒店,福州艾美州际酒店,,待确认,,,25.9883162,119.3724508,25.985402381362487,119.37737360603232,,way,1247693379,,1,0.83,true,"missing_official_url,missing_city_region"
hotel_b82ec9195295a820,marriott,Le Meridien,Le Meridien,,,待确认,,,25.6947163,100.146681,25.691771882001348,100.1479286166496,,node,8380106517,,1,0.83,true,"missing_official_url,missing_city_region"
hotel_c05614dbc581c564,marriott,Le Meridien,青岛西海岸隆和艾美酒店,青岛西海岸隆和艾美酒店,山东省,青岛市,黄岛区,山东省青岛市黄岛区滨海大道2888,35.884751,120.0615427,35.884954341873204,120.06688473103104,https://www.marriott.com.cn/hotels/taodm-le-meridien-qingdao-west-coast/overview/,node,7682999866,,1,0.91,false,
hotel_8044a5ae4aabc774,marriott,Le Meridien,苏州苏州湾艾美酒店,苏州苏州湾艾美酒店,江苏省,苏州市,吴江区,江苏省苏州市吴江区迎宾大道518,31.1228112,120.5885303,31.120541300672517,120.59269073905702,,way,822893563,,1,0.83,true,missing_official_url
hotel_2d41d943d4ebfefe,marriott,Le Meridien,重庆富力艾美酒店,重庆富力艾美酒店,Chongqing,Chongqing,Nan'an,ChongqingChongqingNan'anJiangnan Avenue10,29.5273346,106.5665429,29.524447340855627,106.57023731159717,,node,7682889452,,1,0.83,true,missing_official_url
hotel_a35b1d0f8a8014f5,marriott,Le Meridien,杭州滨江世融艾美酒店,杭州滨江世融艾美酒店,Zhejiang,Hangzhou,Binjiang,ZhejiangHangzhouBinjiangJiangnan Avenue4756,30.1905849,120.1415511,30.1882728429781,120.14627590767228,,node,7682892167,,1,0.83,true,missing_official_url
hotel_4e429baf8f40ac3c,marriott,Le Meridien,小径湾艾美酒店,小径湾艾美酒店,Guangdong,Huizhou,,GuangdongHuizhou,22.7920698,114.6866051,22.78919483804949,114.69121973008379,,node,7682934934,,1,0.83,true,missing_official_url
hotel_ae4fb0347fe6bd43,marriott,Le Meridien,Le Méridien Qingdao,Le Méridien Qingdao,Shandong,Qingdao,,ShandongQingdaoYanji Road112,36.0873661,120.3732289,36.08763771631079,120.37835863082718,,node,7682999591,,1,0.83,true,missing_official_url
hotel_50fadf538373533f,marriott,Le Meridien,上海闵行宝龙艾美酒店,上海闵行宝龙艾美酒店,Shanghai,Shanghai,Minhang,ShanghaiShanghaiMinhangCaobao Road3199,31.1596361,121.351742,31.157717635149318,121.35633055042999,,node,7683013984,,1,0.83,true,missing_official_url
hotel_1800332ffbf8a6aa,marriott,Le Meridien,"Le Méridien Shenyang, Heping","Le Méridien Shenyang, Heping",Liaoning,Shenyang,Heping,LiaoningShenyangHepingBei'er Road45,41.791444,123.3997724,41.79389005082437,123.40591759781694,,node,6544610063,,1,0.83,true,missing_official_url
hotel_f980fbc58e8fe9bf,marriott,Le Meridien,石梅湾艾美度假酒店,石梅湾艾美度假酒店,Hainan,Wanning,,HainanWanning,18.6709707,110.2808216,18.669243472132486,110.28502737994295,,node,7683151460,,1,0.83,true,missing_official_url
hotel_52d32121276f9a82,marriott,Le Meridien,"Le Méridien Xi'an, Chanba","Le Méridien Xi'an, Chanba",Shaanxi,Xi'an,Chanba,ShaanxiXi'anChanbaWest Euro-Asia Avenue6,34.3406337,109.0105762,34.33926410758123,109.01550203145403,,node,7683156527,,1,0.83,true,missing_official_url
hotel_c2b8992846304bba,marriott,Le Meridien,厦门艾美酒店,厦门艾美酒店,Fujian,Xiamen,Nanshan,FujianXiamenNanshanGuanjun Road7,24.503053,118.0888551,24.500402563248656,118.09383387616002,,node,2398425042,,1,0.83,true,missing_official_url
hotel_1e663c4725556f1d,marriott,Le Meridien,Le Méridien Yixing,Le Méridien Yixing,Jiangsu,Yixing,,JiangsuYixingYangxian Road East455,31.3668664,119.8487386,31.36474413617611,119.8534935842587,,node,7683175689,,1,0.83,true,missing_official_url
hotel_1a1e54298d8225d7,marriott,Le Meridien,郑州建业艾美酒店,郑州建业艾美酒店,Henan,Zhengzhou,Jinshui,HenanZhengzhouJinshuiZhongzhou Avenue1188,34.7486838,113.7187683,34.74765662981697,113.72494889474235,,node,7683173555,,1,0.83,true,missing_official_url
hotel_2081190e193eea5b,marriott,Le Meridien,Le Méridien Zhongshan,Le Méridien Zhongshan,Guangdong,Zhongshan,,GuangdongZhongshanGangkou Avenue21,22.5850024,113.3876335,22.582315686850624,113.3931179999927,,node,7683206224,,1,0.83,true,missing_official_url
hotel_5a29ca5b95f3739d,marriott,Marriott Executive Apartments,重庆万豪行政公寓,重庆万豪行政公寓,,待确认,,,29.562259,106.58058,29.5593696785582,106.58426661591733,,,,Q111404660,1,0.85,true,"missing_official_url,missing_city_region"
hotel_9df4670e5b0027d3,marriott,Marriott Executive Apartments,"The International Trade City, Yiwu - Marriott Executive Apartments",,,待确认,,,29.335023,120.114579,29.332559818375575,120.11929079349326,,,,Q111404270,1,0.85,true,"missing_official_url,missing_city_region"
hotel_89c8ab7cd6a7b593,marriott,Marriott Executive Apartments,西安万豪行政公寓,西安万豪行政公寓,陕西,西安,雁塔区,陕西西安雁塔区高新四路16,34.2347052,108.8899974,34.23307431287338,108.89457811878954,,way,822688654,,1,0.83,true,missing_official_url
hotel_c9f78962a84fa6c6,marriott,Marriott Executive Apartments,北京万豪行政公寓,北京万豪行政公寓,Beijing,Beijing,Dongcheng,BeijingBeijingDongchengXiagongfu Street1,39.9084553,116.4033328,39.909859333345686,116.40957655912692,,way,233692528,,1,0.83,true,missing_official_url
hotel_cc90e772e3098c87,marriott,Marriott Executive Apartments,紫檀万豪公寓,紫檀万豪公寓,Beijing,Beijing,Chaoyang,BeijingBeijingChaoyangJianguo Road23,39.9109054,116.5199335,39.912068277795136,116.52586635581595,,way,326176515,,1,0.83,true,missing_official_url
hotel_aab7da25a5b13399,marriott,Marriott Executive Apartments,重庆万豪行政公寓,重庆万豪行政公寓,Chongqing,Chongqing,Yuzhong,ChongqingChongqingYuzhongQingnian Road77,29.5584135,106.5707707,29.555532464767836,106.57446290713588,https://www.marriott.com.cn/hotels/ckger-marriott-executive-apartments-chongqing/overview/,way,704024913,,1,0.91,false,
hotel_48045b311ca9df39,marriott,Marriott Executive Apartments,杭州万豪行政公寓,杭州万豪行政公寓,Zhejiang,Hangzhou,Yuhang,ZhejiangHangzhouYuhangLianchuang Street89,30.2830572,119.9988063,30.280597986253298,120.00348725797299,,way,641923484,,1,0.83,true,missing_official_url
hotel_24a86e8366b1a8d2,marriott,Marriott Hotels,成都 AC 酒店,成都 AC 酒店,四川省,成都市,金牛区,四川省成都市金牛区北星大道4228-2,30.7695961,104.0778168,30.76724248156356,104.08034837635422,https://www.marriott.com.cn/hotels/ctuac-ac-hotel-chengdu-north,node,11992403686,,1,0.84,true,"generic_brand_match,weak_brand_alias"
hotel_28e6e2332bd4fec3,marriott,Marriott Hotels,成都恒邦天府喜来登酒店,成都恒邦天府喜来登酒店,四川省,成都市,郫都区,四川省成都市郫都区花石街560,30.7903779,103.8553699,30.787712734381852,103.85748906552611,https://www.marriott.com.cn/hotels/ctusp-sheraton-chengdu-pidu,node,10176029349,,1,0.84,true,"generic_brand_match,weak_brand_alias"
hotel_df3b01e7368e552b,marriott,Marriott Hotels,成都茂业 JW 万豪酒店,成都茂业 JW 万豪酒店,四川省,成都市,锦江区,四川省成都市锦江区东御街19,30.6592725,104.0675001,30.656854077592538,104.07001078991178,https://www.marriott.com.cn/hotels/ctumj-jw-marriott-hotel-chengdu,node,11992403683,,1,0.84,true,"generic_brand_match,weak_brand_alias"
hotel_05a9d303c5cbd80d,marriott,Marriott Hotels,成都首座万豪酒店,成都首座万豪酒店,四川省,成都市,高新区,四川省成都市高新区天府大道北段999,30.588917,104.067146,30.58646951954138,104.06965283970185,https://www.marriott.com.cn/hotels/ctumc-chengdu-marriott-hotel-financial-centre,way,484309784,,1,0.84,true,"generic_brand_match,weak_brand_alias"
hotel_a20ae1962f4eee55,marriott,Marriott Hotels,成都天府丽都喜来登饭店,成都天府丽都喜来登饭店,四川省,成都市,青羊区,四川省成都市青羊区人民中路一段15,30.6672103,104.0636773,30.664789835048882,104.06618115677692,https://www.marriott.com.cn/hotels/ctuls-sheraton-chengdu-lido-hotel,way,498650286,,1,0.84,true,"generic_brand_match,weak_brand_alias"
hotel_ebadc1654c39aa14,marriott,Marriott Hotels,珲春万豪国际酒店,敦化万豪国际大酒店,,待确认,,,42.8708866,130.3610202,42.87353932796453,130.36818330759638,,way,842766350,,1,0.76,true,"generic_brand_match,weak_brand_alias,missing_official_url,missing_city_region"
hotel_4573a0402b8c5cdf,marriott,Marriott Hotels,金坛万豪酒店,金坛万豪酒店,,待确认,,,31.719909,119.5861006,31.717768690328317,119.59101645416355,,way,1194044195,,1,0.76,true,"generic_brand_match,weak_brand_alias,missing_official_url,missing_city_region"
hotel_cb31b068f59d6674,marriott,Marriott Hotels,宁波威斯汀酒店,宁波威斯汀酒店,,待确认,,,29.8710963,121.5529496,29.868507546151132,121.55710048843903,https://www.marriott.com.cn/hotels/ngbwi-the-westin-ningbo/,way,1230741029,,1,0.84,true,"generic_brand_match,weak_brand_alias,missing_city_region"
hotel_193972a95b0852f2,marriott,Marriott Hotels,三峡艾美酒店,三峡艾美酒店,,待确认,,,30.7655595,111.271667,30.763141553440676,111.2773041688816,,way,1517877208,,1,0.76,true,"generic_brand_match,weak_brand_alias,missing_official_url,missing_city_region"
hotel_c28cb804ea9cbafb,marriott,Marriott Hotels,万豪酒店,万豪酒店,,待确认,,,31.2323261,121.4652303,31.230406969937466,121.46978012440162,,node,619220944,,1,0.76,true,"generic_brand_match,weak_brand_alias,missing_official_url,missing_city_region"
hotel_284cbd9f4ff10967,marriott,Marriott Hotels,郑州绿地JW万豪酒店,郑州绿地JW万豪酒店,,待确认,,,34.7719303,113.7211655,34.77092913215151,113.72735023466838,https://www.marriott.com/en-us/hotels/cgojw-jw-marriott-hotel-zhengzhou/overview/,node,6829071455,,1,0.84,true,"generic_brand_match,weak_brand_alias,missing_city_region"
hotel_325fd1044b7bf1e0,marriott,Marriott Hotels,Courtyard万豪酒店,Courtyard万豪酒店,,待确认,,,31.2281743,121.5215791,31.22609090112001,121.52593351086334,,node,614627712,,1,0.76,true,"generic_brand_match,weak_brand_alias,missing_official_url,missing_city_region"
hotel_bdc31209554e5539,marriott,Marriott Hotels,Marriott,,,待确认,,,28.0203445,120.7027679,28.0170638884996,120.70683380660437,,way,1247981776,,1,0.76,true,"generic_brand_match,weak_brand_alias,missing_official_url,missing_city_region"
hotel_44c6e808054c362d,marriott,Marriott Hotels,Marriott,Marriott,,待确认,,,39.7713252,119.3993165,39.77278776133466,119.40563817658239,,way,1415873928,,1,0.76,true,"generic_brand_match,weak_brand_alias,missing_official_url,missing_city_region"
hotel_aeffbb7e8bf4af5d,marriott,Marriott Hotels,Marriott,Marriott,,待确认,,,31.2461119,121.5875019,31.243918774318487,121.59170930461966,,way,302708067,,1,0.76,true,"generic_brand_match,weak_brand_alias,missing_official_url,missing_city_region"
hotel_00fd7032ded3cba1,marriott,Marriott Hotels,东莞松山湖雅乐轩酒店,东莞松山湖雅乐轩酒店,广东省,东莞市,大朗镇,广东省东莞市大朗镇新竹路7,22.9335758,113.8871403,22.930636233489366,113.89204570281449,https://www.marriott.com/en-us/hotels/szxal-aloft-dongguan-songshan-lake/overview/,node,11933272122,,1,0.84,true,"generic_brand_match,weak_brand_alias"
hotel_d2b35bc7569f4ed0,marriott,Marriott Hotels,顺德美的万豪酒店,顺德美的万豪酒店,广东,佛山,顺德,广东佛山顺德Nanguo Road East388,22.8312149,113.2699943,22.828417861737933,113.27530833761008,,way,676191651,,1,0.76,true,"generic_brand_match,weak_brand_alias,missing_official_url"
hotel_494daf2cf25706f0,marriott,Marriott Hotels,广州南沙金茂万豪酒店,广州南沙金茂万豪酒店,广东省,广州市,南沙区,广东省广州市南沙区绿金路1,22.7809108,113.517331,22.778038533029783,113.52255484795579,https://www.marriott.com.cn/hotels/canmn-guangzhou-marriott-hotel-nansha/overview/,way,1428179563,,1,0.84,true,"generic_brand_match,weak_brand_alias"
hotel_7952aacee5fb9b33,marriott,Marriott Hotels,粤海喜来登酒店,喜来登,广东省,广州市,天河区,广东省广州市天河区天河路208,23.1355201,113.3167255,23.132915388442125,113.32213279730053,https://www.marriott.com.cn/hotels/cansi-sheraton-guangzhou-hotel/overview/,node,3646916193,,1,0.84,true,"generic_brand_match,weak_brand_alias"
hotel_a8d7c89b1189f41c,marriott,Marriott Hotels,中国大酒店,中国大酒店,广东省,广州市,越秀区,广东省广州市越秀区流花路122,23.1425439,113.2544102,23.139868981494473,113.25973595663875,https://www.marriott.com/hotels/travel/canmc-china-hotel-a-marriott-hotel-guangzhou/,node,335938409,Q700526,1,0.91,true,"generic_brand_match,weak_brand_alias"
hotel_4d663a6832152aa8,marriott,Marriott Hotels,杭州西溪喜来登度假大酒店,杭州西溪喜来登度假大酒店,浙江省,杭州市,西湖区,浙江省杭州市西湖区西溪喜来登环路1,30.2700451,120.0839728,30.2677702262225,120.08879065913293,https://www.marriott.com/en-us/hotels/hghhs-sheraton-grand-hangzhou-wetland-park-resort/overview/,relation,9373578,,1,0.84,true,"generic_brand_match,weak_brand_alias"
hotel_d3d0a6e4337698dd,marriott,Marriott Hotels,金华万豪酒店,金华万豪酒店,浙江省,金华市,金东区,浙江省金华市金东区宾虹东路299,29.0947872,119.6677863,29.091860730527905,119.6725214420429,,way,987181200,,1,0.76,true,"generic_brand_match,weak_brand_alias,missing_official_url"
hotel_f1f2fb866a03faef,marriott,Marriott Hotels,Sheraton Grand Xishuangbanna Hotel,西双版纳云投喜来登大酒店,,景洪市,,景洪市,21.95071,100.75557,21.947916286200595,100.75671205745641,https://www.marriott.com.cn/hotels/jhgsi-sheraton-grand-xishuangbanna-hotel/overview/,,,Q137565077,2,0.86,true,"generic_brand_match,weak_brand_alias"
hotel_e5ac964a9c75eff7,marriott,Marriott Hotels,上海外滩 W 酒店,上海外滩 W 酒店,,上海市,虹口区,上海市虹口区旅顺路66,31.2509402,121.4919839,31.24895467704429,121.49644575817882,,way,442978944,,1,0.76,true,"generic_brand_match,weak_brand_alias,missing_official_url"
hotel_a3cd1a88880d9e35,marriott,Marriott Hotels,万豪,万豪,广东省,珠海市,金湾区,广东省珠海市金湾区环滨巷204,22.1223786,113.356296,22.119733791909976,113.36171302599188,https://www.marriott.com.cn/hotels/zuhmj-zhuhai-marriott-hotel-jinwan,way,1348660575,,1,0.84,true,"generic_brand_match,weak_brand_alias"
hotel_83e5dc0234491098,marriott,Marriott Hotels,万豪酒店,万豪酒店,Inner Mongolia,Baotou,Kundulun,Inner MongoliaBaotouKundulunGangtie Street31,40.6565285,109.8310598,40.657693175725036,109.83678633508684,,node,7677956630,,1,0.76,true,"generic_brand_match,weak_brand_alias,missing_official_url"
hotel_275769a4d49a196d,marriott,Marriott Hotels,万豪酒店,万豪酒店,Chongqing,Chongqing,Nan'an,ChongqingChongqingNan'anYanyu Road9,29.5400304,106.5825857,29.537131504721692,106.5862704426463,,node,7678020718,,1,0.76,true,"generic_brand_match,weak_brand_alias,missing_official_url"
hotel_79d918e345206784,marriott,Marriott Hotels,广交会威斯汀酒店,广交会威斯汀酒店,Guangdong,Guangzhou,Haizhu,GuangdongGuangzhouHaizhuFengpu Zhong Road681,23.0986317,113.3581732,23.096087350540877,113.36365872048951,https://www.marriott.com.cn/hotels/canwi-the-westin-pazhou/overview/,way,306470193,,1,0.84,true,"generic_brand_match,weak_brand_alias"
hotel_ce0ced918a736cb2,marriott,Marriott Hotels,正佳万豪酒店,正佳万豪酒店,Guangdong,Guangzhou,Tianhe,GuangdongGuangzhouTianheTianhe Road228,23.1352884,113.3208039,23.13269124171718,113.32621947541281,https://www.marriott.com.cn/hotels/canti-guangzhou-marriott-hotel-tianhe/overview/,way,513793179,,1,0.84,true,"generic_brand_match,weak_brand_alias"
hotel_2bbba4d4c7dac90b,marriott,Marriott Hotels,南京景枫万豪酒店,南京景枫万豪酒店,Jiangsu,Nanjing,Jiangning,JiangsuNanjingJiangningShuanglong Avenue1519,31.9388748,118.8172656,31.93679218117496,118.82239877663385,,way,822320482,,1,0.76,true,"generic_brand_match,weak_brand_alias,missing_official_url"
hotel_f7042845bb8d0405,marriott,Marriott Hotels,三亚山海天JW万豪酒店,三亚山海天JW万豪酒店,Hainan,Sanya,,HainanSanyaHaiyun Road88,18.217733,109.5091902,18.2160483792214,109.51328060481843,,node,7681218580,,1,0.76,true,"generic_brand_match,weak_brand_alias,missing_official_url"
hotel_98eece6076318732,marriott,Marriott Hotels,三亚亚龙湾万豪度假酒店,三亚亚龙湾万豪度假酒店,Hainan,Sanya,,HainanSanya,18.2283807,109.6267477,18.226551883501646,109.6307153434489,,way,1411077087,,1,0.76,true,"generic_brand_match,weak_brand_alias,missing_official_url"
hotel_9593d842bce87a4c,marriott,Marriott Hotels,雅居乐万豪酒店,雅居乐万豪酒店,Shanghai,Shanghai,Huangpu,ShanghaiShanghaiHuangpuMiddle Xizang Road555,31.2384641,121.4686291,31.2365390619039,121.4731690316684,,node,4347591889,,1,0.76,true,"generic_brand_match,weak_brand_alias,missing_official_url"
hotel_826fbec37aaa0423,marriott,Marriott Hotels,威斯汀酒店,威斯汀酒店,Zhejiang,Wenzhou,Lucheng,ZhejiangWenzhouLuchengJinxiu Road1067,28.0012042,120.6605058,27.997849529934985,120.66448917574299,https://www.marriott.com.cn/hotels/travel/wnzwi-the-westin-wenzhou/,node,7685497001,,1,0.84,true,"generic_brand_match,weak_brand_alias"
hotel_b113b5ce5ea90187,marriott,Marriott Hotels,朱家尖绿城威斯汀度假酒店,朱家尖绿城威斯汀度假酒店,Zhejiang,Zhoushan,Zhujiajian,ZhejiangZhoushanZhujiajianJiari Road1288,29.8882538,122.4138775,29.88600019517822,122.41818229400623,https://www.marriott.com/hotels/travel/hsnwi-the-westin-zhujiajian-resort-zhoushan/,node,7685670500,,1,0.84,true,"generic_brand_match,weak_brand_alias"
hotel_f3a275853e80b067,marriott,Moxy Hotels,moxy,moxy,,待确认,,澳门路409,31.2481862,121.436493,31.246333148303084,121.44111461751481,,node,13123639501,,1,0.83,true,"missing_official_url,missing_city_region"
hotel_98057d059c1732b8,marriott,Moxy Hotels,Moxy酒店,Moxy酒店,,待确认,,,29.8799573,121.5571231,29.877361342067307,121.5612651247995,,node,12981499856,,1,0.83,true,"missing_official_url,missing_city_region"
hotel_d06a72aae8f43470,marriott,Renaissance Hotels,金万丽商务酒店,金万丽商务酒店,,待确认,,,23.1508538,113.3310423,23.148282290232913,113.3364799820697,,way,583071213,,1,0.83,true,"missing_official_url,missing_city_region"
hotel_74990f4ec78561be,marriott,Renaissance Hotels,上海豫园万丽酒店,上海豫园万丽酒店,,待确认,,,31.2294872,121.4835394,31.22751680794039,121.48802921647665,,way,369237839,,1,0.83,true,"missing_official_url,missing_city_region"
hotel_bcbdafed652d057f,marriott,Renaissance Hotels,万丽·璞丽,万丽·璞丽,,待确认,,,30.417824,120.3057803,30.415447421930818,120.31028991020385,,way,822748112,,1,0.83,true,"missing_official_url,missing_city_region"
hotel_f88abe61962eb2e4,marriott,Renaissance Hotels,五大连池万丽园酒店,五大连池万丽园酒店,,待确认,,,48.6483626,126.137266,48.65059636202131,126.14435198351141,,node,13249030201,,1,0.83,true,"missing_official_url,missing_city_region"
hotel_36f9ae18457520be,marriott,Renaissance Hotels,Renaissance,Renaissance,,待确认,,,39.1145118,117.21045,39.115522480411514,117.21673857065959,,node,1153368440,,1,0.83,true,"missing_official_url,missing_city_region"
hotel_ab9eed07dfa0ac29,marriott,Renaissance Hotels,惠州富力万丽酒店,惠州富力万丽酒店,广东省,惠州市,惠城区,广东省惠州市惠城区东江二路2号,23.1038343,114.4051946,23.101337250878842,114.41017115210627,https://www.marriott.com.cn/hotels/huzbr-renaissance-huizhou-hotel/,way,1054006447,,1,0.91,false,
hotel_1fc473dcd9733498,marriott,Renaissance Hotels,南宁万丽酒店,南宁万丽酒店,广西壮族自治区,南宁市,良庆区,广西壮族自治区南宁市良庆区宋厢路9,22.7676884,108.377639,22.76499847315377,108.38172130978728,https://www.marriott.com.cn/stay/hotel-info/NNGBR,node,12135795373,,1,0.91,false,
hotel_153051f53bf394a2,marriott,Renaissance Hotels,上海漕河泾万丽酒店,上海漕河泾万丽酒店,上海市,上海市,徐汇区,上海市上海市徐汇区田林路397,31.1670548,121.3922389,31.165186437450238,121.39688236268564,,node,6476803785,,1,0.83,true,missing_official_url
hotel_538c915e33daa7a5,marriott,Renaissance Hotels,上海淳大万丽酒店,上海淳大万丽酒店,上海,上海市,浦东新区,上海上海市浦东新区迎春路719,31.2259285,121.5479655,31.223778077275902,121.55223895445005,,way,273443707,,1,0.83,true,missing_official_url
hotel_182d9d123d02adaa,marriott,Renaissance Hotels,西安万丽酒店,西安万丽酒店,陕西省,西安市,曲江区,陕西省西安市曲江区汇新路355,34.1963319,108.9498145,34.19473573082376,108.95448726174466,,node,7682849674,,1,0.83,true,missing_official_url
hotel_2804fb9cf7e00d71,marriott,Renaissance Hotels,北京富力万丽酒店,北京富力万丽酒店,Beijing,Beijing,Chaoyang,BeijingBeijingChaoyangDongsanhuan Middle Road61,39.8967749,116.4546074,39.89811918156414,116.46077088113097,,node,7681388443,,1,0.83,true,missing_official_url
hotel_ec751e8ab5b6cf8c,marriott,Renaissance Hotels,北京金茂万丽酒店,北京金茂万丽酒店,Beijing,Beijing,Dongcheng,BeijingBeijingDongchengWangfujing Street57,39.9198218,116.4041962,39.92122627096164,116.41044128170223,,node,4109375392,Q16928803,1,0.9,true,missing_official_url
hotel_44373e1e527ff98e,marriott,Renaissance Hotels,成都首座万丽酒店,成都首座万丽酒店,Sichuan,Chengdu,Wuhou,SichuanChengduWuhouSouth Renmin Road48,30.6147853,104.0640023,30.612343240343762,104.0665044033008,,way,476647763,,1,0.83,true,missing_official_url
hotel_0cdb345ceeefa221,marriott,Renaissance Hotels,贵阳万丽酒店,贵阳万丽酒店,Guizhou,Guiyang,Jinyang,GuizhouGuiyangJinyangLincheng East Road8,26.6477786,106.621132,26.644099267502778,106.62468457381745,,node,7681488580,,1,0.83,true,missing_official_url
hotel_3bc6022de149452b,marriott,Renaissance Hotels,海口万丽酒店,海口万丽酒店,Hainan,Haikou,Longhua,HainanHaikouLonghuaYangshan Boulevard39,19.9177878,110.3258715,19.915825018675122,110.33022460983926,,node,7681513340,,1,0.83,true,missing_official_url
hotel_ea42734ded28289a,marriott,Renaissance Hotels,Renaissance Nanjing Olympic Centre Hotel,,Jiangsu,Nanjing,Jianye,JiangsuNanjingJianyeAoti Street139,32.0047743,118.7194406,32.00273159267984,118.72463986401434,,node,7682679915,Q111405484,1,0.9,true,missing_official_url
hotel_cfd023ec64ae1b80,marriott,Renaissance Hotels,海棠湾万丽酒店,海棠湾万丽酒店,Hainan,Sanya,,HainanSanyaYezhou Road1,18.4019384,109.7805065,18.400208281573715,109.78465313605281,,node,7682724592,,1,0.83,true,missing_official_url
hotel_2153eec8cef219e1,marriott,Renaissance Hotels,龙之梦万丽酒店,龙之梦万丽酒店,Shanghai,Shanghai,Changning,ShanghaiShanghaiChangningChangning Road1018,31.2206156,121.412541,31.218773577758412,121.41718869031342,,way,93070273,,1,0.83,true,missing_official_url
hotel_aac7857229a4deea,marriott,Renaissance Hotels,明捷万丽酒店,明捷万丽酒店,Shanghai,Shanghai,Putuo,ShanghaiShanghaiPutuoTongchuan Road50,31.2576012,121.4162185,31.25577399319188,121.42086701356958,,way,489758242,,1,0.83,true,missing_official_url
hotel_f080a6a94a2568f0,marriott,Renaissance Hotels,Renaissance Shanghai Yangtze Hotel,"Radisson Collection Hotel, Yangtze Shanghai",Shanghai,Shanghai,Changning,ShanghaiShanghaiChangningYan'an West Road2099,31.2047419,121.4013223,31.20289456295551,121.40597148876847,,way,355261157,,1,0.83,true,missing_official_url
hotel_17621374f60ebea9,marriott,Renaissance Hotels,Renaissance Shenyang West Hotel,,Liaoning,Shenyang,,LiaoningShenyangZhongyang Street27,41.7462426,123.2422117,41.748498441911906,123.24801286171477,,node,7682752351,,1,0.83,true,missing_official_url
hotel_849ed38cb1f0afd3,marriott,Renaissance Hotels,尼盛万丽酒店,尼盛万丽酒店,Jiangsu,Suzhou,,JiangsuSuzhouSuzhou Avenue West229,31.3162186,120.6605249,31.31410762149722,120.66476529094899,,way,462717419,,1,0.83,true,missing_official_url
hotel_5b8b31f79f135802,marriott,Renaissance Hotels,Renaissance Suzhou Taihu Lake Hotel,苏州太湖万丽酒店,Jiangsu,Suzhou,,JiangsuSuzhouShuli Road6,31.2221042,120.3877156,31.220245717634594,120.39239016592121,https://www.marriott.com.cn/hotels/wuxbr-renaissance-suzhou-taihu-lake-hotel/overview/,node,7678606651,,1,0.91,false,
hotel_9754dfc7a6b42c63,marriott,Renaissance Hotels,Renaissance Suzhou Wujiang Hotel,吴江盛虹万丽酒店,Jiangsu,Suzhou,Wujiang,JiangsuSuzhouWujiangHami Road199,30.9073189,120.609763,30.904925514998673,120.61390219596787,,node,7682849649,,1,0.83,true,missing_official_url
hotel_d838acb2e8aa7bb4,marriott,Renaissance Hotels,Renaissance Tianjin Lakeview Hotel,,Tianjin,Tianjin,Hexi,TianjinTianjinHexiBinshui Road16,39.0840077,117.1893336,39.08503278948756,117.19565039061393,,node,7681388423,,1,0.83,true,missing_official_url
hotel_1baa1d40db24aaa4,marriott,Renaissance Hotels,Renaissance Tianjin TEDA Convention Centre Hotel,,Tianjin,Tianjin,,TianjinTianjin2nd Avenue29,39.0288944,117.690534,39.029775183285174,117.69677665922043,,node,7681378295,,1,0.83,true,missing_official_url
hotel_88e7f89723e8d9e9,marriott,Renaissance Hotels,Renaissance Wuhan Hotel,,Hubei,Wuhan,Wuchang,HubeiWuhanWuchangXudong Avenue160,30.581897,114.350679,30.57956689017604,114.35619340241256,,node,7682849662,,1,0.83,true,missing_official_url
hotel_07ff20523e18e511,marriott,Renaissance Hotels,Renaissance Xiamen Resort & Spa,,Fujian,Xiamen,Tong'an,FujianXiamenTong'anGuanbin Road66,24.6106222,118.1336037,24.607939334536727,118.13854377512301,,node,7682887257,,1,0.83,true,missing_official_url
hotel_4f56e66537dc5138,marriott,Sheraton,北海喜来登度假酒店,北海喜来登度假酒店,,待确认,,,21.4451905,109.0479462,21.442764423523457,109.05214717962896,,node,13199892585,,1,0.83,true,"missing_official_url,missing_city_region"
hotel_e09f5df0ae83a8ab,marriott,Sheraton,迪庆喜来登度假酒店,迪庆喜来登度假酒店,,待确认,,,27.8078001,99.7129237,27.80432184806135,99.71403532151876,,way,763318052,,1,0.83,true,"missing_official_url,missing_city_region"
hotel_5e5d6650b1ee41fb,marriott,Sheraton,福朋酒店,福朋酒店,,待确认,,,18.6740521,110.3509835,18.67244393595932,110.35532815415536,,node,4790348927,,1,0.83,true,"missing_official_url,missing_city_region"
hotel_4b738bc5ab7d1cf7,marriott,Sheraton,福州中庚喜来登酒店,福州中庚喜来登酒店,,待确认,,,26.0274937,119.3666645,26.024545951577,119.3715836135626,,way,273203396,,1,0.83,true,"missing_official_url,missing_city_region"
hotel_7ba8a18cbc43885b,marriott,Sheraton,广州南沙越秀喜來登酒店,喜来登,,待确认,,,22.7945413,113.5239353,22.79165490845471,113.52913791502408,,way,985202508,,1,0.83,true,"missing_official_url,missing_city_region"
hotel_19ad3c19808561b2,marriott,Sheraton,贵阳喜来登贵航酒店,贵阳喜来登贵航酒店,,待确认,,,26.5746291,106.7106371,26.571103664044113,106.71440296496911,,way,489455570,,1,0.83,true,"missing_official_url,missing_city_region"
hotel_47e464465a3cdd89,marriott,Sheraton,桂林喜来登饭店,桂林喜来登饭店,,待确认,,,25.2768787,110.2944821,25.27404949112274,110.2990750268169,,way,675183667,,1,0.83,true,"missing_official_url,missing_city_region"
hotel_59335d243e8c046d,marriott,Sheraton,哈尔滨永泰喜来登酒店,哈尔滨永泰喜来登酒店,,待确认,,,45.7164315,126.7546573,45.71854230934678,126.76085531165968,,node,11161431175,,1,0.83,true,"missing_official_url,missing_city_region"
hotel_7ee838eebd1b7bbf,marriott,Sheraton,虹口三至喜来登,虹口三至喜来登,,待确认,,,31.2598153,121.4834016,31.25785891878345,121.48789449103523,,node,1377665042,,1,0.83,true,"missing_official_url,missing_city_region"
hotel_ec29e612f97c4f3e,marriott,Sheraton,黄岛泰成喜来登酒店,黄岛泰成喜来登酒店,,待确认,,,35.9445456,120.183503,35.944684264380356,120.1886405628677,,way,568627138,,1,0.83,true,"missing_official_url,missing_city_region"
hotel_9d06cc8cffada867,marriott,Sheraton,惠州白鹭湖喜来登度假酒店,惠州白鹭湖喜来登度假酒店,,待确认,,,23.2046112,114.442515,23.202117395819275,114.44744356948816,,node,4596512364,,1,0.83,true,"missing_official_url,missing_city_region"
hotel_19fe533db8ae51a8,marriott,Sheraton,廊坊潮白河喜来登酒店,廊坊潮白河喜来登酒店,,待确认,,,39.8853936,116.8477132,39.88649150985642,116.8536770324326,,way,753812627,,1,0.83,true,"missing_official_url,missing_city_region"
hotel_bee3fe0efee2854f,marriott,Sheraton,浪漫海岸喜来登度假酒店,浪漫海岸喜来登度假酒店,,待确认,,,21.4654495,111.1374205,21.463057120488195,111.14244822986589,,node,11886208153,,1,0.83,true,"missing_official_url,missing_city_region"
hotel_7e38548baa60ce97,marriott,Sheraton,南京金丝利喜来登酒店,喜来登,,待确认,,,32.0442201,118.7659629,32.042181515766906,118.77118261965992,,node,8021235854,,1,0.83,true,"missing_official_url,missing_city_region"
hotel_e0f30d410dc45a64,marriott,Sheraton,宁波象山绿城喜来登度假酒店,宁波象山绿城喜来登度假酒店,,待确认,,,29.4528272,121.9731218,29.450197681830055,121.97718286454747,,way,1128381660,,1,0.83,true,"missing_official_url,missing_city_region"
hotel_9c62872cb18dc246,marriott,Sheraton,青岛胶州绿城喜来登酒店,青岛胶州绿城喜来登酒店,,待确认,,,36.2656483,120.02788,36.26587128047689,120.03320233348823,,way,557209075,,1,0.83,true,"missing_official_url,missing_city_region"
hotel_ebfd00c060bd199d,marriott,Sheraton,三亚海棠湾喜来登度假酒店,三亚海棠湾喜来登度假酒店,,待确认,,,18.3481641,109.736863,18.346461888068422,109.74101993826862,,way,917632243,,1,0.83,true,"missing_official_url,missing_city_region"
hotel_aaaa27d17988385d,marriott,Sheraton,三亚喜来登度假酒店,三亚喜来登度假酒店,,待确认,,Yalong Bay National Tourist Resort Yalongbay District Sanya China,18.2292264,109.6290587,18.2273999801077,109.63302953653762,http://sheratonsanyahotel.com,way,1411077086,,1,0.91,false,missing_city_region
hotel_3b000369fd5581a9,marriott,Sheraton,上海嘉定喜来登酒店,上海嘉定喜来登酒店,,待确认,,,31.3965172,121.2412478,31.394558415037633,121.2456882304569,,node,4246104574,,1,0.83,true,"missing_official_url,missing_city_region"
hotel_6b626ad9f93e262e,marriott,Sheraton,天津滨海喜来登酒店,天津滨海喜来登酒店,,待确认,,,39.0248777,117.6982605,39.02576932103196,117.70451772924717,,node,11977858562,,1,0.83,true,"missing_official_url,missing_city_region"
hotel_5c4ae1e080d36694,marriott,Sheraton,温州喜来登酒店,温州喜来登酒店,,待确认,,,28.0039077,120.680087,28.000589808146884,120.68410961881447,,way,1167546157,,1,0.83,true,"missing_official_url,missing_city_region"
hotel_a59a2fa667b4e4c0,marriott,Sheraton,乌鲁木齐喜来登酒店,乌鲁木齐喜来登酒店,,待确认,,,43.81998,87.58638,43.82118332115717,87.5892240064111,,,,Q115004659,1,0.85,true,"missing_official_url,missing_city_region"
hotel_5342b2d3f6cd683e,marriott,Sheraton,喜来登,喜来登,,待确认,,,36.1766643,120.4440977,36.17693614176574,120.44916972335162,,way,1465238327,,1,0.83,true,"missing_official_url,missing_city_region"
hotel_c33628bf6cf973f1,marriott,Sheraton,喜来登,喜来登,,待确认,,,32.1780343,120.0511391,32.17613105170408,120.05610296911651,,way,592520148,,1,0.83,true,"missing_official_url,missing_city_region"
hotel_526fb6f57d7c97f1,marriott,Sheraton,喜来登大酒店,喜来登大酒店,,待确认,,,39.0873877,117.1848758,39.08842282275362,117.19120098048421,,node,274350020,,1,0.83,true,"missing_official_url,missing_city_region"
hotel_f5083223f975a74d,marriott,Sheraton,喜来登酒店,喜来登酒店,,待确认,,,24.498076,118.1245287,24.495413817876386,118.12947673031387,,node,1346563055,,1,0.83,true,"missing_official_url,missing_city_region"
hotel_0f79164a531d744b,marriott,Sheraton,喜来登酒店,喜来登酒店,,待确认,,,29.6109476,119.033763,29.608517878160544,119.03891183895463,,node,2143441576,,1,0.83,true,"missing_official_url,missing_city_region"
hotel_8300e77d486aaba9,marriott,Sheraton,喜来登酒店,喜来登,,待确认,,,33.2799864,103.9293141,33.27795472631672,103.93152628477954,https://www.starwoodhotels.com/sheraton/,node,2981319478,,1,0.91,false,missing_city_region
hotel_9fe6a0e4ad6032e7,marriott,Sheraton,喜来登酒店,喜来登,,待确认,,,34.2603437,108.8929348,34.25872139629065,108.8975178172801,,node,310516682,,1,0.83,true,"missing_official_url,missing_city_region"
hotel_12ffa0b642086c08,marriott,Sheraton,喜来登酒店,喜来登,,待确认,,,30.604806,114.2495677,30.60234768689432,114.25498715067346,,node,4528759092,,1,0.83,true,"missing_official_url,missing_city_region"
hotel_64c8573ee2be7d85,marriott,Sheraton,喜来登酒店,喜来登酒店,,待确认,,,18.6726036,110.3539946,18.671000490545595,110.35834518858088,,node,4790348922,,1,0.83,true,"missing_official_url,missing_city_region"
hotel_c11915cc2f60d6ba,marriott,Sheraton,喜来登酒店,喜来登酒店,,待确认,,,34.5324229,110.083766,34.53133919726436,110.08921334406212,,node,6736886888,,1,0.83,true,"missing_official_url,missing_city_region"
hotel_8b346aeb1889dc6e,marriott,Sheraton,喜来登酒店,喜来登酒店,,待确认,,,31.4643708,121.1384249,31.462578209064674,121.14303166684914,,node,7036841386,,1,0.83,true,"missing_official_url,missing_city_region"
hotel_770240c8dbaff8fb,marriott,Sheraton,喜来登酒店,喜来登酒店,,待确认,,,31.4642024,121.8199223,31.462188365634557,121.82420308500026,,node,9553816899,,1,0.83,true,"missing_official_url,missing_city_region"
hotel_3ccc39370509b783,marriott,Sheraton,喜来登酒店,喜来登酒店,,待确认,,,32.1958419,119.4303207,32.19395669512291,119.43575849417616,,way,202065448,,1,0.83,true,"missing_official_url,missing_city_region"
hotel_866a4f7d4714c8cc,marriott,Sheraton,喜来登酒店,喜来登酒店,,待确认,,,28.1192169,121.2220367,28.115984601212475,121.22622624749796,,way,459880051,,1,0.83,true,"missing_official_url,missing_city_region"
hotel_b934eaee78944c98,marriott,Sheraton,喜来登由由酒店,喜来登由由酒店,,待确认,,,31.2108722,121.5139224,31.208802650567993,121.51830199236338,,way,12470248,,1,0.83,true,"missing_official_url,missing_city_region"
hotel_4ed89e8e2187a171,marriott,Sheraton,云浮新兴筠城喜来登酒店,云浮新兴筠城喜来登酒店,,待确认,,,22.7172475,112.2318589,22.714404274912106,112.23700754582335,,way,667612030,,1,0.83,true,"missing_official_url,missing_city_region"
hotel_abf9c77e6a4a0cb6,marriott,Sheraton,长春净月潭益田喜来登酒店,长春净月潭益田喜来登酒店,,待确认,,,43.7682813,125.4271945,43.77084584769303,125.43381569992319,,way,696277360,,1,0.83,true,"missing_official_url,missing_city_region"
hotel_9974e01bfd591b37,marriott,Sheraton,肇庆喜来登酒店,喜来登,,待确认,,,23.209832,112.5988102,23.20699154317059,112.6037792295905,,way,1234814234,,1,0.83,true,"missing_official_url,missing_city_region"
hotel_5f737176b889f7bf,marriott,Sheraton,郑州美盛喜来登大酒店,郑州美盛喜来登大酒店,,待确认,,,34.7648762,113.7484036,34.76388368318693,113.75458926820158,,node,4133362590,,1,0.83,true,"missing_official_url,missing_city_region"
hotel_9bf6f6de306dab0e,marriott,Sheraton,众邦喜来登酒店,喜来登,,待确认,,,36.0948337,103.7095591,36.09458783024518,103.71202649394823,,node,13267622222,,1,0.83,true,"missing_official_url,missing_city_region"
hotel_6063d9eebc2ff17a,marriott,Sheraton,Sheraton,,,待确认,,,39.8261435,119.504281,39.82741544144277,119.51031370609188,,node,12840948905,,1,0.83,true,"missing_official_url,missing_city_region"
hotel_61347eb50d154f4a,marriott,Sheraton,Sheraton,Sheraton,,待确认,,,29.3332617,121.4393749,29.33078965785508,121.44383044610002,,way,1125965737,,1,0.83,true,"missing_official_url,missing_city_region"
hotel_0c452dabba4a6181,marriott,Sheraton,Sheraton Changde Wuling Hotel,,,待确认,,,29.058785648,111.687969976,29.0557644936898,111.69356004258131,,,,Q111650373,1,0.85,true,"missing_official_url,missing_city_region"
hotel_8d146d38557630c7,marriott,Sheraton,Sheraton Changzhou Xinbei Hotel,,,待确认,,,31.822625,119.975319,31.820585629774957,119.98007313362527,,,,Q111405764,1,0.85,true,"missing_official_url,missing_city_region"
hotel_d77d213af4149599,marriott,Sheraton,Sheraton Golden Beach Resort,,,待确认,,,37.5765481,121.1988312,37.577443305322795,121.20391410236329,,node,4509531592,,1,0.83,true,"missing_official_url,missing_city_region"
hotel_e790f38028736c32,marriott,Sheraton,Sheraton Grand Hangzhou Wetland Park Resort,,,待确认,,,30.273620344,120.09527817,30.271350163885312,120.10009144557229,,,,Q111406127,1,0.85,true,"missing_official_url,missing_city_region"
hotel_1ef479fe58e572af,marriott,Sheraton,Sheraton Grand Wuhan Hankou Hotel,,,待确认,,,30.608778606,114.261552029,30.60632457254204,114.26696705500183,,,,Q111650487,1,0.85,true,"missing_official_url,missing_city_region"
hotel_2bed74fdc9024478,marriott,Sheraton,Sheraton Grand Xishuangbanna Hotel,,,待确认,,,21.956802884,100.762625964,21.95400383497782,100.76376913761773,,,,Q111406080,1,0.85,true,"missing_official_url,missing_city_region"
hotel_25fd013a3bf3249b,marriott,Sheraton,Sheraton Jiangyin,喜来登,,待确认,,,31.9258648,120.2768085,31.923894864817623,120.28141986674103,,way,414694926,,1,0.83,true,"missing_official_url,missing_city_region"
hotel_696daa976c82f554,marriott,Sheraton,Sheraton Langfang Chaobai River Hotel,,,待确认,,,39.892413,116.860011,39.893491436759,116.86595676164588,,,,Q111404971,1,0.85,true,"missing_official_url,missing_city_region"
hotel_7e17d65c6a23336a,marriott,Sheraton,Sheraton Nanchang Hotel,,,待确认,,,28.697126,115.874925,28.693782535429616,115.87979436200098,,,,Q111405426,1,0.85,true,"missing_official_url,missing_city_region"
hotel_a05ba1ac0474a9c1,marriott,Sheraton,Sheraton Qingdao Licang Hotel,,,待确认,,,36.183532719,120.457657891,36.18377836945563,120.46268921405759,,,,Q111405623,1,0.85,true,"missing_official_url,missing_city_region"
hotel_6dbfabf5f6af1147,marriott,Sheraton,Sheraton Shanghai Chongming Hotel,,,待确认,,,31.4643509,121.8196316,31.462337434959856,121.82391313674565,,way,908433859,,1,0.83,true,"missing_official_url,missing_city_region"
hotel_102ce014a2cc6977,marriott,Sheraton,Sheraton Xi'an North City Hotel,,,待确认,,,34.29713276,108.953194702,34.29558251558786,108.9578864493964,,,,Q111404915,1,0.85,true,"missing_official_url,missing_city_region"
hotel_66ca3a3a14ebf2c4,marriott,Sheraton,Sheraton Yunfu Xinxing Hotel,,,待确认,,,22.720377,112.243764,22.717529274826884,112.24890522620994,,,,Q111404398,1,0.85,true,"missing_official_url,missing_city_region"
hotel_298125ab826ed9f6,marriott,Sheraton,The Great Wall Sheraton Hotel Beijing,,,待确认,,,,,,,,,,Q39972432,1,0.75,true,"missing_coordinates,missing_official_url,missing_city_region"
hotel_413793362e861bc4,marriott,Sheraton,顺德喜来登酒店,顺德喜来登酒店,广东省,佛山市,顺德区大良街道,广东省佛山市顺德区大良街道德胜中路,22.7936857,113.2940397,22.790902433904446,113.29938194097332,,node,8224231719,,2,0.83,true,"missing_official_url; missing_official_url,missing_city_region"
hotel_41946273ea8c0e25,marriott,Sheraton,杭州滨江银泰喜来登大酒店,杭州滨江银泰喜来登大酒店,浙江省,杭州市,滨江区,浙江省杭州市滨江区江虹路1769,30.2098869,120.1919203,30.207485507641806,120.19650102790577,,way,532920385,Q15956897,1,0.9,true,missing_official_url
hotel_bf9498a6eb7c0606,marriott,Sheraton,湖州喜来登温泉度假酒店,湖州喜来登温泉度假酒店,,湖州市,,湖州市,30.5734,120.611,30.57083913674345,120.61511302797658,http://www.starwoodhotels.com/sheraton/property/overview/index.html?propertyID=3414,,,Q14498348,1,0.93,false,
hotel_a0f5d0bbfca47a84,marriott,Sheraton,惠州金海湾喜来登度假酒店,惠州金海湾喜来登度假酒店,,惠州市,惠东县,惠州市惠东县巽寮镇金海路,22.6540969,114.7330271,22.651244920823736,114.73769751230385,,way,688103297,,1,0.83,true,missing_official_url
hotel_d5b6a151f3b7201f,marriott,Sheraton,东港喜来登酒店,喜来登,浙江省,宁波市,,浙江省宁波市,29.8684611,121.5658621,29.865850546296635,121.56998571079642,,node,2113244021,,1,0.83,true,missing_official_url
hotel_49a24852ccdcaffe,marriott,Sheraton,汕头龙光喜来登酒店,汕头龙光喜来登酒店,广东省,汕头市,龙湖区,广东省汕头市龙湖区长平东路11街区,23.3626632,116.7137364,23.360059569226053,116.71827111592202,,node,5124017889,,1,0.83,true,missing_official_url
hotel_1d0fdf5ce6c0d20f,marriott,Sheraton,绍兴余坤喜来登酒店,绍兴余坤喜来登酒店,浙江省,绍兴市,上虞区,浙江省绍兴市上虞区江西路1001,30.0316194,120.8389874,30.029050828241775,120.84311997867607,,way,1081677759,,1,0.83,true,missing_official_url
hotel_361dd28436faff73,marriott,Sheraton,沈阳新都绿城喜来登酒店,沈阳新都绿城喜来登酒店,,沈阳市,浑南区,沈阳市浑南区沈中大街101-1,41.6760405,123.4623429,41.67839796846754,123.46839364271385,,way,553154369,,1,0.83,true,missing_official_url
hotel_b0fa0f802c7c5a1f,marriott,Sheraton,无锡万达喜来登酒店,无锡万达喜来登酒店,,无锡,,无锡梁溪路49,31.5632661,120.2593282,31.561322293066592,120.26390717866472,,way,298306399,,1,0.83,true,missing_official_url
hotel_6b605543f33016a7,marriott,Sheraton,西安赛瑞喜来登大酒店,西安赛瑞喜来登大酒店,陕西,西安,莲湖区,陕西西安莲湖区未央路32,34.2923038,108.9419459,34.290729219453446,108.94660333267385,,way,337115081,,1,0.83,true,missing_official_url
hotel_446100621dd3622f,marriott,Sheraton,舟山喜来登绿城酒店,舟山喜来登绿城酒店,,浙江省舟山市定海区临城街道,,浙江省舟山市定海区临城街道千岛路101号,29.9890515,122.1986617,29.986661781797075,122.20283706706732,,node,4752543002,,1,0.83,true,missing_official_url
hotel_6447ff403d70c37b,marriott,Sheraton,北京新青海喜来登酒店,北京新青海喜来登酒店,Beijing,Beijing,Fengtai,BeijingBeijingFengtaiXiying Street,39.8627368,116.3169678,39.86402497022083,116.32307102252416,,node,7685991094,,1,0.83,true,missing_official_url
hotel_47dbb6c556248fe2,marriott,Sheraton,喜来登酒店,喜来登酒店,Beijing,Beijing,Dongcheng,BeijingBeijingDongchengNorth Third Ring Road East36,39.9657135,116.4022859,39.96711986557447,116.40853706789672,,node,7685982342,,1,0.83,true,missing_official_url
hotel_8312224db034a0c8,marriott,Sheraton,喜来登酒店,喜来登酒店,Anhui,Bengbu,,AnhuiBengbuDonghai Avenue & Huanhu Road,32.916254,117.3963051,32.9145511543606,117.40215751672687,,node,7685982362,,1,0.83,true,missing_official_url
hotel_f49b32cfe491c589,marriott,Sheraton,喜来登酒店,喜来登,Hunan,Changde,Wuling,HunanChangdeWulingZaoguo Road899,29.0560734,111.6752921,29.053026347128966,111.68085362420193,,node,7686015803,,1,0.83,true,missing_official_url
hotel_b4bb54ffc08cb83b,marriott,Sheraton,长沙运达喜来登酒店,长沙运达喜来登酒店,Hunan,Changsha,,HunanChangshaFurong Middle Road478,28.2063862,112.9794553,28.202973519451046,112.98502283766707,,node,7686006876,,1,0.83,true,missing_official_url
hotel_cc27b39f4f84c87e,marriott,Sheraton,常州喜来登酒店,常州喜来登酒店,Jiangsu,Changzhou,Xinbei,JiangsuChangzhouXinbeiTongjiang Zhong Road88-1,31.8187815,119.9639003,31.81671246012421,119.9686289459812,,way,563529048,,1,0.83,true,missing_official_url
hotel_e18827dde279d185,marriott,Sheraton,喜来登大酒店(重庆),喜来登,Chongqing,Chongqing,Nan'an,ChongqingChongqingNan'anNanbin Road78,29.5463137,106.582741,29.54341706070295,106.58642607497319,,way,412742035,,1,0.83,true,missing_official_url
hotel_780e5b43a9119216,marriott,Sheraton,喜来登酒店,喜来登酒店,Anhui,Chuzhou,,AnhuiChuzhouZhongdu Road1599,32.2442174,118.3264305,32.24223252224243,118.33184301617935,,node,7686050204,,1,0.83,true,missing_official_url
hotel_a3f3fa36f4abb5c5,marriott,Sheraton,海口喜来登酒店,喜来登,,Haikou,,Haikou滨海大道 - Binhai Avenue199,20.0547393,110.2109164,20.052600150727777,110.21519307364741,,way,1113613419,,1,0.83,true,missing_official_url
hotel_c41676ba52fb54f8,marriott,Sheraton,浙江湖州喜来登温泉度假酒店,浙江湖州喜来登温泉度假酒店,Zhejiang,Huzhou,,ZhejiangHuzhouTaihu Road5858,30.9592793,120.103531,30.957275868543487,120.10839579440281,,node,3404567988,,1,0.83,true,missing_official_url
hotel_fe17349c92bb6892,marriott,Sheraton,喜来登酒店,喜来登酒店,Yunnan,Kunming,,YunnanKunmingLonghui Road206,24.9720422,102.7905804,24.96905797781296,102.7920558010542,,node,7681149163,,1,0.83,true,missing_official_url
hotel_ef562be5fef0dc7f,marriott,Sheraton,京基喜来登度假酒店,京基喜来登度假酒店,,Shenzhen,,Shenzhen盐葵路9,22.6002505,114.3095222,22.59745130136116,114.31437845748633,,node,2502948367,,1,0.83,true,missing_official_url
hotel_a11e384a44200fd7,marriott,St. Regis,成都瑞吉酒店,成都瑞吉酒店,四川省,成都市,青羊区,四川省成都市青羊区太升南路88,30.6634959,104.0721824,30.661085266849387,104.07470112128424,https://www.marriott.com.cn/hotels/ctuxr-the-st-regis-chengdu,node,10082425402,,1,0.91,false,
hotel_5b629833323b9cfa,marriott,St. Regis,北京瑞吉酒店,北京瑞吉酒店,,待确认,,,39.9093608,116.4337252,39.91074321960592,116.4399393114799,,way,469532496,,1,0.83,true,"missing_official_url,missing_city_region"
hotel_a57d4ed7f98bb765,marriott,St. Regis,拉萨瑞吉度假酒店,拉萨瑞吉度假酒店,,待确认,,,29.6484958,91.1398201,29.64576209341214,91.14135131824108,,node,12352161846,,1,0.83,true,"missing_official_url,missing_city_region"
hotel_b50da4d8dd067649,marriott,St. Regis,青岛瑞吉酒店,青岛瑞吉酒店,,待确认,,,36.0564223,120.3645928,36.056675820723726,120.36971126836906,https://www.marriott.com.cn/hotels/taoxr-the-st-regis-qingdao/overview/,node,13438934915,,1,0.91,false,missing_city_region
hotel_4fd64d0a5071f7b7,marriott,St. Regis,瑞吉酒店,瑞吉酒店,,待确认,,,39.9083347,116.4335078,39.909717374703696,116.43972217641445,,way,103012956,,1,0.83,true,"missing_official_url,missing_city_region"
hotel_33d0bcf46033714b,marriott,St. Regis,三亚亚龙湾瑞吉度假酒店,三亚亚龙湾瑞吉度假酒店,,待确认,,,18.2611463,109.6068272,18.259290560580816,109.61077720754827,,node,4756489948,,1,0.83,true,"missing_official_url,missing_city_region"
hotel_b09b9363db49856b,marriott,St. Regis,三亚亚龙湾瑞吉度假酒店,三亚亚龙湾瑞吉度假酒店,,待确认,,,18.2185779,109.6120139,18.216739791612973,109.61596544208003,,node,4756505248,,1,0.83,true,"missing_official_url,missing_city_region"
hotel_72eec009bd4209d3,marriott,St. Regis,天津瑞吉金融街酒店,天津瑞吉金融街酒店,,待确认,,,39.1283389,117.1913305,39.12938757576435,117.19764942888624,,node,4374229394,,1,0.83,true,"missing_official_url,missing_city_region"
hotel_9b5771c0fc915590,marriott,St. Regis,The St. Regis Changsha,,,待确认,,,28.177163,113.048878,28.173945286603665,113.05468247218853,,,,Q111405105,1,0.85,true,"missing_official_url,missing_city_region"
hotel_1c8eb14452ecd4a1,marriott,St. Regis,The St. Regis Chengdu,,,待确认,,,30.666472479,104.080924476,30.664071656264817,104.08345501189763,,,,Q111406057,1,0.85,true,"missing_official_url,missing_city_region"
hotel_a2b3d011c7b950fa,marriott,St. Regis,"The St. Regis Hotel on the Bund, Shanghai",,,待确认,,中山东二路538,31.2289852,121.4916053,31.226990853070756,121.49606663863162,https://www.marriott.com/en-us/hotels/shaxb-the-st-regis-on-the-bund-shanghai/overview/,node,13482252001,,1,0.91,false,missing_city_region
hotel_23c9aefa77fa3d6e,marriott,St. Regis,The St. Regis Tianjin,,,待确认,,,39.12929,117.19863,39.13032706290474,117.20493702676876,,,,Q111404985,1,0.85,true,"missing_official_url,missing_city_region"
hotel_b9e9958bf3cdf448,marriott,The Luxury Collection,南京圣和府邸豪华精选酒店,南京圣和府邸豪华精选酒店,,待确认,,,32.0448453,118.7938174,32.04277760324349,118.79900469866315,,way,1061577688,,1,0.83,true,"missing_official_url,missing_city_region"
hotel_3e810ac801dd3887,marriott,The Luxury Collection,The Luxury Collection,The Luxury Collection,,待确认,,,36.0645849,120.2968426,36.064720574066946,120.30186183885912,,node,9203729793,,1,0.83,true,"missing_official_url,missing_city_region"
hotel_d93bdc1be6f98d8a,marriott,The Luxury Collection,St. Regis Shanghai Hotel,,,上海市,,上海市,31.223,121.528,31.220896503519906,121.53233249275767,https://www.marriott.com/hotels/travel/shahl-the-hongta-hotel-a-luxury-collection-hotel-shanghai,,,Q7591597,1,0.93,false,
hotel_5a70ca3c6f6f31d6,marriott,The Ritz-Carlton,成都富力丽思卡尔顿酒店,成都富力丽思卡尔顿酒店,四川省,成都市,青羊区,四川省成都市青羊区顺城大街269,30.6664017,104.0675133,30.66398643576033,104.07002433967594,https://www.ritzcarlton.com/zh-cn/hotels/cturz-the-ritz-carlton-chengdu,node,11167155421,,1,0.91,false,
hotel_efd28f3c2551d923,marriott,The Ritz-Carlton,富力 丽思卡尔顿酒店,富力 丽思卡尔顿酒店,,待确认,,,45.7565923,126.5832015,45.7585084794815,126.58911884236342,,node,10899561924,,1,0.83,true,"missing_official_url,missing_city_region"
hotel_6ac95e75538dfab2,marriott,The Ritz-Carlton,丽思卡尔顿酒店,丽思卡尔顿酒店,,待确认,,,23.1190423,113.3218208,23.116440513782585,113.32723735659512,,node,8626998231,,1,0.83,true,"missing_official_url,missing_city_region"
hotel_a742c43f4ca752fa,marriott,The Ritz-Carlton,上海波特曼丽思卡尔顿酒店,上海波特曼丽思卡尔顿酒店,,待确认,,,31.2290667,121.4470596,31.227186761680475,121.4516577865704,,way,483358316,,1,0.83,true,"missing_official_url,missing_city_region"
hotel_3e39b88ecb0e4b67,marriott,The Ritz-Carlton,"The Ritz-Carlton Shanghai, Pudong",,,待确认,,,31.242340672,121.507611771,31.240304437417443,121.51201654488888,,,,Q111404371,1,0.85,true,"missing_official_url,missing_city_region"
hotel_89daaa9ec9f9330f,marriott,The Ritz-Carlton,"The Ritz-Carlton, Chengdu",,,待确认,,,30.670019,104.07657,30.667615950318226,104.0790953684217,,,,Q111406051,1,0.85,true,"missing_official_url,missing_city_region"
hotel_f2b9cc33bd2bc3b4,marriott,The Ritz-Carlton,"The Ritz-Carlton, Nanjing","The Ritz-Carlton, Nanjing",,待确认,,,32.0469789,118.7798615,32.044928272224865,118.78506876895189,,node,8373507032,,1,0.83,true,"missing_official_url,missing_city_region"
hotel_7e0d41b73b96e7ae,marriott,The Ritz-Carlton,"The Ritz-Carlton, Nanjing",,,待确认,,,32.050214,118.791334,32.04814861475974,118.79652576213614,,,,Q111405510,1,0.85,true,"missing_official_url,missing_city_region"
hotel_111e2fe8e12bb5a7,marriott,The Ritz-Carlton,"The Ritz-Carlton, Tianjin",,,待确认,,,39.127470266,117.220460087,39.12847694927961,117.22673982250639,,,,Q111404988,1,0.85,true,"missing_official_url,missing_city_region"
hotel_7996d0371d5df0e7,marriott,The Ritz-Carlton,"The Ritz-Carlton, Xi'an",,,待确认,,,34.229023,108.905321,34.22738741858283,108.90990743478443,,,,Q111404916,1,0.85,true,"missing_official_url,missing_city_region"
hotel_02afc1a3c917189b,marriott,The Ritz-Carlton,The Ritzcarlton Beijing,The Ritzcarlton Beijing,,待确认,,,39.9091598,116.4748038,39.91045448654028,116.48090419188775,,node,1668835983,,1,0.83,true,"missing_official_url,missing_city_region"
hotel_138e187082863420,marriott,The Ritz-Carlton,北京金融街丽思卡尔顿酒店,北京金融街丽思卡尔顿酒店,,金融街街道,,金融街街道,39.913980555,116.357369444,39.915345280530445,116.36356789769506,https://www.ritzcarlton.com/en/hotels/china/beijing-financial-street,,,Q56271896,1,0.93,false,
hotel_b038bc3ece2a52e4,marriott,The Ritz-Carlton,金茂三亚丽思卡尔顿酒店,金茂三亚丽思卡尔顿酒店,,三亚,,三亚,18.2251977,109.6222165,18.223365249359848,109.62617833447857,https://www.ritzcarlton.com/zh-cn/Properties/Sanya/Default.htm,way,1411712833,,1,0.91,false,
hotel_a6d2e1334ceed818,marriott,The Ritz-Carlton,上海浦东丽思卡尔顿酒店,上海浦东丽思卡尔顿酒店,,上海市,浦东新区,上海市浦东新区世纪大道8,31.2385571,121.4968072,31.236551580373483,121.50125066778136,https://www.ritzcarlton.com/en/hotels/shasz-the-ritz-carlton-shanghai-pudong/overview/,node,1928688340,,1,0.91,false,
hotel_4a44aeab7577ddfb,marriott,The Ritz-Carlton,西安丽思卡尔顿酒店,西安丽思卡尔顿酒店,陕西,西安,雁塔区,陕西西安雁塔区科技二路50,34.2251842,108.8932255,34.22354844949983,108.89780574809778,,way,929222953,,1,0.83,true,missing_official_url
hotel_71f16a4e14f59311,marriott,The Ritz-Carlton,天津丽思卡尔顿酒店,天津丽思卡尔顿酒店,,小白楼街道,,小白楼街道,39.120230555,117.208644444,39.1212471552707,117.21493599875751,,,,Q131436880,1,0.85,true,missing_official_url
hotel_6f2fe94643a993fe,marriott,The Ritz-Carlton,海口丽思卡尔顿酒店,海口丽思卡尔顿酒店,Hainan,Haikou,Longhua,HainanHaikouLonghuaYangshan Boulevard39,19.9170646,110.3265152,19.915103635362943,110.33086970443898,,node,7681513344,,1,0.83,true,missing_official_url
hotel_e02f192a35d1c170,marriott,The Ritz-Carlton,天津丽斯卡尔顿酒店,天津丽斯卡尔顿酒店,,Tianjin,,TianjinDa Gu Bei Lu167,39.1201753,117.2085847,39.121191948919105,117.21487632446585,http://www.ritzcarlton.com/en/hotels/china/tianjin#Hotel,way,678309866,,1,0.91,false,
hotel_4a9dd3f0040d7d72,marriott,Tribute Portfolio,顺德美的臻品之选酒店,顺德美的臻品之选酒店,Guangdong,Foshan,Shunde,GuangdongFoshanShundeJunling Road6,22.9484517,113.2112112,22.94572122455547,113.21654774432268,,node,7681076244,,1,0.83,true,missing_official_url
hotel_ba2d621467eed2aa,marriott,Tribute Portfolio,佘山茂御臻品之选酒店,佘山茂御臻品之选酒店,Shanghai,Shanghai,Sheshan,ShanghaiShanghaiSheshanLinyin Xin Road1288,31.0974808,121.2003507,31.09543230124703,121.20480841184535,,way,822685420,,1,0.83,true,missing_official_url
hotel_a66ffe537b7628c9,marriott,W Hotels,成都 W 酒店,成都 W 酒店,四川省,成都市,高新区,四川省成都市高新区交子大道300,30.5857409,104.0525495,30.583267660143292,104.05502483457089,https://www.marriott.com.cn/hotels/ctuwh-w-chengdu,node,11992383458,,1,0.91,false,
hotel_2142073eff98233f,marriott,W Hotels,敬亭湖宾馆,敬亭湖宾馆,,待确认,,,30.9723601,118.7356317,30.970156006697607,118.74075375226919,,node,9794590884,,1,0.83,true,"missing_official_url,missing_city_region"
hotel_a2cf742657963f50,marriott,W Hotels,W Hotels,,,待确认,,,31.3157488,120.675174,31.31366549521675,120.67944453798633,,way,462717389,,1,0.83,true,"missing_official_url,missing_city_region"
hotel_148f7693b47f1e96,marriott,W Hotels,W酒店,W酒店,,待确认,,冼村路26,23.1244653,113.3232102,23.121868350120717,113.32862997607391,https://www.marriott.com/en-us/hotels/canwg-w-guangzhou/,way,547065944,,1,0.91,false,missing_city_region
hotel_d1a8221e90f7bde3,marriott,W Hotels,西安 W 酒店,西安 W 酒店,Shaanxi,Xi'an,Qujiang,ShaanxiXi'anQujiang曲江池东路 Qū jiāng chí East Rd333,34.1984964,108.9838305,34.19698806544038,108.98863007058628,https://www.marriott.com.cn/hotels/xiywh-w-xian/overview/,node,6988128412,,1,0.91,false,
hotel_4454fd7719ddd918,marriott,Westin,重庆解放碑威斯汀酒店,重庆解放碑威斯汀酒店,,重庆市,,重庆市,,,,,,,,Q18415463,1,0.75,true,"missing_coordinates,missing_official_url"
hotel_c8382a3e54183805,marriott,Westin,南京威斯汀温泉度假酒店,南京威斯汀温泉度假酒店,,待确认,,,32.0733519,119.0011865,32.071318951581354,119.00644423726688,,node,8641988147,,1,0.83,true,"missing_official_url,missing_city_region"
hotel_9dddeb276aaeb6ca,marriott,Westin,The Westin,The Westin,,待确认,,,41.754369,123.4300842,41.75679620561148,123.43621445588072,,node,1187270935,,2,0.83,true,"missing_official_url,missing_city_region"
hotel_a4a2c05b2b679800,marriott,Westin,The Westin Qingdao,,,待确认,,,36.069889,120.386256,36.07016859628243,120.39139046886248,,,,Q111405600,1,0.85,true,"missing_official_url,missing_city_region"
hotel_3a7f7857f83f2ddf,marriott,Westin,The Westin Wuhan Wuchang,,,待确认,,,30.570433452,114.314794715,30.568032217994784,114.32025130755716,,,,Q111650506,1,0.85,true,"missing_official_url,missing_city_region"
hotel_672128a9754d701b,marriott,Westin,The Westin Xi'an,,,待确认,,,34.221068,108.968398,34.21952433409555,108.97313753496402,,,,Q111405123,1,0.85,true,"missing_official_url,missing_city_region"
hotel_bbc2223a27093120,marriott,Westin,青岛西海岸威斯汀酒店,青岛西海岸威斯汀酒店,山东省,青岛市,黄岛区,山东省青岛市黄岛区滨海大道7977,35.8224994,120.0086151,35.82255291360432,120.01384054634234,,node,7683968058,,1,0.83,true,missing_official_url
hotel_5b1ad8bcedb14c14,marriott,Westin,威斯汀酒店,威斯汀酒店,山东省,青岛市,市南区,山东省青岛市市南区香港中路8,36.0633647,120.3747435,36.06363254338923,120.37987185652104,,way,531980954,,1,0.83,true,missing_official_url
hotel_25efd99782128193,marriott,Westin,西安威斯汀大酒店,西安威斯汀大酒店,陕西,西安,雁塔区,陕西西安雁塔区慈恩路66,34.2162656,108.9577029,34.214693621548484,108.96240317137585,,relation,18459163,,1,0.83,true,missing_official_url
hotel_e971cee558ee3523,marriott,Westin,北京金茂威斯汀大饭店,北京金茂威斯汀大饭店,Beijing,Beijing,Chaoyang,BeijingBeijingChaoyangNorth Dongsanhuan Road7,39.948978,116.4544469,39.95032481429854,116.46061743928718,,node,7683659026,,1,0.83,true,missing_official_url
hotel_34bf50656aa60e38,marriott,Westin,北京金融街威斯汀大酒店,北京金融街威斯汀大酒店,Beijing,Beijing,Xicheng,BeijingBeijingXichengFinancial Street9C,39.9160815,116.3531159,39.9174393726088,116.3593062692522,https://www.marriott.com/hotels/travel/bjsfw-the-westin-beijing-financial-street/,node,5771950253,Q56271895,2,0.9,true,"missing_official_url; generic_brand_match,weak_brand_alias"
hotel_d93523f3be811fc8,marriott,Westin,解放碑威斯汀酒店,解放碑威斯汀酒店,Chongqing,Chongqing,Yuzhong,ChongqingChongqingYuzhongXinhua Road222,29.5598467,106.5763791,29.556960134157915,106.58006745474084,,way,412612151,,1,0.83,true,missing_official_url
hotel_86613035c7c89206,marriott,Westin,The Westin Fuzhou Minjiang,The Westin Fuzhou Minjiang,Fujian,Fuzhou,,FujianFuzhouJiangbin Zhong Avenue366,26.0543764,119.337677,26.0513624070625,119.34255103374026,,way,822967319,,1,0.83,true,missing_official_url
hotel_8e818146b25ccc00,marriott,Westin,广州海航威斯汀酒店,广州海航威斯汀酒店,Guangdong,Guangzhou,Tianhe,GuangdongGuangzhouTianheLinhe Zhong Road6,23.1458312,113.3207985,23.143238213036753,113.32621477938974,https://www.marriott.com/hotels/travel/cangw-the-westin-guangzhou/,node,393740621,Q32164786,2,0.9,true,"missing_official_url; generic_brand_match,weak_brand_alias"
hotel_b65ea5ba18311529,marriott,Westin,The Westin Haikou,海口威斯汀酒店,Hainan,Haikou,,HainanHaikouDuhai Road100,20.0490965,110.3176415,20.047009544079753,110.32198326063309,,node,7683720904,,1,0.83,true,missing_official_url
hotel_4e515b28dcc54893,marriott,Westin,合肥富力威斯汀酒店,合肥富力威斯汀酒店,Anhui,Hefei,Baohe,AnhuiHefeiBaoheMa'anshan Road150,31.8607801,117.2963161,31.858802552813405,117.30186317560619,,node,3315767255,,1,0.83,true,missing_official_url
hotel_e206eada75230462,marriott,Westin,蓝湾绿城威斯汀度假酒店,蓝湾绿城威斯汀度假酒店,Hainan,Lingshui,,HainanLingshui,18.4165319,109.9495854,18.41468057919729,109.95360706207292,,node,7683949519,,1,0.83,true,missing_official_url
hotel_f6f0d941ddd3fe29,marriott,Westin,威斯汀大酒店,威斯汀大酒店,Jiangsu,Nanjing,,JiangsuNanjingZhongyang Road201,32.0742691,118.7779467,32.07221442506074,118.78315868622327,,node,5344263365,,1,0.83,true,missing_official_url
hotel_89831b7347333647,marriott,Westin,三亚海棠湾民生威斯汀度假酒店,三亚海棠湾民生威斯汀度假酒店,Hainan,Sanya,,HainanSanyaHaitang North Road116,18.3699482,109.7467536,18.368243074110858,109.75091527829302,,way,524244753,,1,0.83,true,missing_official_url
hotel_ff2dbcc87ed7d4df,marriott,Westin,天津君隆威斯丁酒店,天津君隆威斯丁酒店,Tianjin,Tianjin,Heping,TianjinTianjinHepingNanjing Road101,39.11608,117.1974508,39.117110950113855,117.2037580200298,,node,7685467147,,1,0.83,true,missing_official_url
hotel_7787072d69045b41,marriott,Westin,The Westin Shimei Bay Resort,,Hainan,Wanning,,HainanWanningBinhai Road1,18.6683303,110.2777528,18.666599869265326,110.28195457688139,,node,5505253830,,1,0.83,true,missing_official_url
hotel_d7b7263aac143f83,marriott,Westin,威斯汀酒店,威斯汀酒店,Hubei,Wuhan,Wuchang,HubeiWuhanWuchangLinjiang Road96,30.5669284,114.3026641,30.5645044822471,114.30810291861503,,way,761608464,,1,0.83,true,missing_official_url
hotel_86961ddc4fbf6a32,marriott,Westin,厦门威斯汀酒店,厦门威斯汀酒店,Fujian,Xiamen,Siming,FujianXiamenSimingXianyue Road398,24.4943905,118.1069823,24.491741525204105,118.11195215375561,https://www.starwoodhotels.com/westin/property/overview/index.html?propertyID=3500&language=en_US,node,5209302486,,2,0.91,false,
hotel_dbce20f746b3e430,marriott,Westin,中山利和威斯汀酒店,中山利和威斯汀酒店,Guangdong,Zhongshan,Guzhen,GuangdongZhongshanGuzhenTongxing Road98,22.6030227,113.1980516,22.60020299290208,113.20338446096143,,node,7685512629,,1,0.83,true,missing_official_url
